Gene name,Chromosome,Start position,Variant type,Reference Allele,Variant Allele,Variant Classification,Protein Change,cDNA change,Accession,Variant Allele Fraction,Variant Allele Count,Reference allele count,ID,Synonymous or Nonsynonymous,ID without iD,SIFT,SIFT,Polyphen,Polyphen,Age
,,,,,,,,,,,,,,,,,,,,
ASXL1,20,31021211,SNP,C,T,Nonsense_Mutation,p.R404*,c.1210C>T,NM_015338,0.302326,26,60,id16093,N,16093,,,,,
,,,,,,,,,,,,,,,,,,,,
ASXL1,20,31021211,SNP,C,T,Nonsense_Mutation,p.R404*,c.1210C>T,NM_015338,0.106796,11,92,id5983,N,5983,,,,,
,,,,,,,,,,,,,,,,,,,,
ASXL1,20,31021211,SNP,C,T,Nonsense_Mutation,p.R404*,c.1210C>T,NM_015338,0.063291,5,74,id3697,N,3697,,,,,
,,,,,,,,,,,,,,,,,,,,
ASXL1,20,31021211,SNP,C,T,Nonsense_Mutation,p.R404*,c.1210C>T,NM_015338,0.194444,14,58,id6530,N,6530,,,,,
,,,,,,,,,,,,,,,,,,,,
ASXL1,20,31021211,SNP,C,T,Nonsense_Mutation,p.R404*,c.1210C>T,NM_015338,0.052083,5,91,id12539,N,12539,,,,,
,,,,,,,,,,,,,,,,,,,,
ASXL1,20,31021250,SNP,C,T,Nonsense_Mutation,p.R417*,c.1250G>A,NM_015338,0.04878,6,117,id6912,N,6912,,,,,
,,,,,,,,,,,,,,,,,,,,
ASXL1,20,31021250,SNP,C,T,Nonsense_Mutation,p.R417*,c.1250G>A,NM_015338,0.052632,5,90,id17093,N,17093,,,,,
,,,,,,,,,,,,,,,,,,,,
ASXL1,20,31021250,SNP,C,T,Nonsense_Mutation,p.R417*,c.1250G>A,NM_015338,0.241379,28,88,id7330,N,7330,,,,,
,,,,,,,,,,,,,,,,,,,,
ASXL1,20,31021250,SNP,C,T,Nonsense_Mutation,p.R417*,c.1250G>A,NM_015338,0.177305,25,116,id4693,N,4693,,,,,
,,,,,,,,,,,,,,,,,,,,
ASXL1,20,31021250,SNP,C,T,Nonsense_Mutation,p.R417*,c.1250G>A,NM_015338,0.069767,6,80,id10535,N,10535,,,,,
,,,,,,,,,,,,,,,,,,,,
ASXL1,20,31021283,SNP,C,T,Nonsense_Mutation,p.Q428*,c.1282C>T,NM_015338,0.051948,4,73,id15889,N,15889,,,,,
,,,,,,,,,,,,,,,,,,,,
ASXL1,20,31021295,SNP,C,T,Nonsense_Mutation,p.Q432*,c.1294C>T,NM_015338,0.232877,17,56,id12542,N,12542,,,,,
,,,,,,,,,,,,,,,,,,,,
ASXL1,20,31021332,SNP,C,G,Nonsense_Mutation,p.S444*,c.1331C>T,NM_015338,0.041237,4,93,id9683,N,9683,,,,,
,,,,,,,,,,,,,,,,,,,,
ASXL1,20,31021332,SNP,C,G,Nonsense_Mutation,p.S444*,c.1331C>T,NM_015338,0.047619,7,140,id3121,N,3121,,,,,
,,,,,,,,,,,,,,,,,,,,
ASXL1,20,31021535,SNP,C,T,Nonsense_Mutation,p.Q512*,c.1534C>T,NM_015338,0.122449,24,172,id3907,N,3907,,,,,
,,,,,,,,,,,,,,,,,,,,
ASXL1,20,31021538,SNP,G,T,Nonsense_Mutation,p.E513*,c.1537G>T,NM_015338,0.052632,7,126,id12605,N,12605,,,,,
,,,,,,,,,,,,,,,,,,,,
ASXL1,20,31021550,SNP,C,T,Nonsense_Mutation,p.Q517*,c.1549C>T,NM_015338,0.067873,15,206,id15925,N,15925,,,,,
,,,,,,,,,,,,,,,,,,,,
ASXL1,20,31021553,SNP,G,T,Nonsense_Mutation,p.E518*,c.1552_1553delGA,NM_015338,0.095238,12,114,id15929,N,15929,,,,,
,,,,,,,,,,,,,,,,,,,,
ASXL1,20,31021586,SNP,C,T,Nonsense_Mutation,p.Q529*,c.1585C>T,NM_015338,0.179775,32,146,id15189,N,15189,,,,,
,,,,,,,,,,,,,,,,,,,,
ASXL1,20,31021637,SNP,C,T,Nonsense_Mutation,p.Q546*,c.1636C>T,NM_015338,0.194444,21,87,id15951,N,15951,,,,,
,,,,,,,,,,,,,,,,,,,,
ASXL1,20,31022238,SNP,C,T,Nonsense_Mutation,p.Q575*,c.1723C>T,NM_015338,0.166667,10,50,id2349,N,2349,,,,,
,,,,,,,,,,,,,,,,,,,,
ASXL1,20,31022263,SNP,G,A,Nonsense_Mutation,p.W583*,c.1748G>A,NM_015338,0.08,6,69,id11045,N,11045,,,,,
,,,,,,,,,,,,,,,,,,,,
ASXL1,20,31022288,SNP,C,A,Nonsense_Mutation,p.Y591*,c.1771_1772insA,NM_015338,0.101695,18,159,id13763,N,13763,,,,,
,,,,,,,,,,,,,,,,,,,,
ASXL1,20,31022297,SNP,C,A,Nonsense_Mutation,p.C594*,c.1782C>A,NM_015338,0.16129,10,52,id884,N,884,,,,,
,,,,,,,,,,,,,,,,,,,,
ASXL1,20,31022589,SNP,C,T,Nonsense_Mutation,p.Q692*,c.2074C>T,NM_015338,0.067416,6,83,id12078,N,12078,,,,,
,,,,,,,,,,,,,,,,,,,,
ASXL1,20,31022592,SNP,C,T,Nonsense_Mutation,p.R693*,c.2077C>T,NM_015338,0.108108,4,33,id12402,N,12402,,,,,
,,,,,,,,,,,,,,,,,,,,
ASXL1,20,31022592,SNP,C,T,Nonsense_Mutation,p.R693*,c.2077C>T,NM_015338,0.166667,5,25,id5859,N,5859,,,,,
,,,,,,,,,,,,,,,,,,,,
ASXL1,20,31022592,SNP,C,T,Nonsense_Mutation,p.R693*,c.2077C>T,NM_015338,0.156863,8,43,id4532,N,4532,,,,,
,,,,,,,,,,,,,,,,,,,,
ASXL1,20,31022757,SNP,C,T,Nonsense_Mutation,p.Q748*,c.2242C>T,NM_015338,0.3,9,21,id15381,N,15381,,,,,
,,,,,,,,,,,,,,,,,,,,
ASXL1,20,31022784,SNP,C,T,Nonsense_Mutation,p.Q757*,c.2269C>T,NM_015338,0.279412,19,49,id9809,N,9809,,,,,
,,,,,,,,,,,,,,,,,,,,
ASXL1,20,31022793,SNP,C,T,Nonsense_Mutation,p.Q760*,c.2278C>T,NM_015338,0.125,4,28,id12782,N,12782,,,,,
,,,,,,,,,,,,,,,,,,,,
ASXL1,20,31022817,SNP,C,T,Nonsense_Mutation,p.Q768*,c.2302C>T,NM_015338,0.1,5,45,id2116,N,2116,,,,,
,,,,,,,,,,,,,,,,,,,,
ASXL1,20,31022817,SNP,C,T,Nonsense_Mutation,p.Q768*,c.2302C>T,NM_015338,0.06,3,47,id11131,N,11131,,,,,
,,,,,,,,,,,,,,,,,,,,
ASXL1,20,31022853,SNP,C,T,Nonsense_Mutation,p.Q780*,c.2338C>T,NM_015338,0.292308,19,46,id9635,N,9635,,,,,
,,,,,,,,,,,,,,,,,,,,
ASXL1,20,31022922,SNP,C,T,Nonsense_Mutation,p.Q803*,c.2407C>T,NM_015338,0.112903,7,55,id10826,N,10826,,,,,
,,,,,,,,,,,,,,,,,,,,
ASXL1,20,31022922,SNP,C,T,Nonsense_Mutation,p.Q803*,c.2407C>T,NM_015338,0.296296,16,38,id11861,N,11861,,,,,
,,,,,,,,,,,,,,,,,,,,
ASXL1,20,31022983,SNP,T,G,Nonsense_Mutation,p.L823*,c.2467delT,NM_015338,0.060403,9,140,id1808,N,1808,,,,,
,,,,,,,,,,,,,,,,,,,,
ASXL1,20,31023354,SNP,G,T,Nonsense_Mutation,p.E947*,c.2840A>G,NM_015338,0.08,6,69,id1754,N,1754,,,,,
,,,,,,,,,,,,,,,,,,,,
ASXL1,20,31023625,SNP,G,A,Nonsense_Mutation,p.W1037*,c.3110G>A,NM_015338,0.072581,9,115,id16502,N,16502,,,,,
,,,,,,,,,,,,,,,,,,,,
ASXL1,20,31023702,SNP,C,T,Nonsense_Mutation,p.Q1063*,c.3187C>T,NM_015338,0.052632,6,108,id3226,N,3226,,,,,
,,,,,,,,,,,,,,,,,,,,
BCL11B,14,99641387,SNP,C,T,Missense_Mutation,p.G596S,c.1786G>A,NM_138576,0.404255,19,28,id3170,N,3170,,,,,
,,,,,,,,,,,,,,,,,,,,
BCORL1,X,129147623,SNP,C,G,Nonsense_Mutation,p.S292*,c.875C>G,NM_021946,0.162791,7,36,id16590,N,16590,,,,,
,,,,,,,,,,,,,,,,,,,,
BCORL1,X,129159270,SNP,C,T,Nonsense_Mutation,p.R1332*,c.3994C>T,NM_021946,0.09375,6,58,id3227,N,3227,,,,,
,,,,,,,,,,,,,,,,,,,,
BRAF,7,140453136,SNP,A,T,Missense_Mutation,p.V600E,c.1799T>A,NM_004333,0.196429,11,45,id9117,N,9117,,,,,
,,,,,,,,,,,,,,,,,,,,
BRAF,7,140481402,SNP,C,T,Missense_Mutation,p.G469E,c.1406G>A,NM_004333,0.12973,24,161,id15992,N,15992,,,,,
,,,,,,,,,,,,,,,,,,,,
BRCC3,X,154305490,SNP,C,T,Nonsense_Mutation,p.R81*,c.241C>T,NM_024332,0.143791,22,131,id6955,N,6955,,,,,
,,,,,,,,,,,,,,,,,,,,
BRCC3,X,154305490,SNP,C,T,Nonsense_Mutation,p.R81*,c.241C>T,NM_024332,0.084337,7,76,id10444,N,10444,,,,,
,,,,,,,,,,,,,,,,,,,,
BRCC3,X,154305514,SNP,C,T,Nonsense_Mutation,p.R89*,c.265C>T,NM_024332,0.067416,6,83,id10536,N,10536,,,,,
,,,,,,,,,,,,,,,,,,,,
BRCC3,X,154305514,SNP,C,T,Nonsense_Mutation,p.R89*,c.265C>T,NM_024332,0.116667,7,53,id14164,N,14164,,,,,
,,,,,,,,,,,,,,,,,,,,
BRCC3,X,154306935,SNP,G,A,Nonsense_Mutation,p.W120*,c.360G>A,NM_024332,0.04,7,168,id8978,N,8978,,,,,
,,,,,,,,,,,,,,,,,,,,
CARD11,7,2976745,SNP,G,A,Missense_Mutation,p.R423W,c.1267C>T,NM_032415,0.073171,3,38,id5921,N,5921,,,,,
,,,,,,,,,,,,,,,,,,,,
CBL,11,119148921,SNP,T,C,Missense_Mutation,p.C381R,c.1141T>C,NM_005188,0.122807,7,50,id4445,N,4445,,,,,
,,,,,,,,,,,,,,,,,,,,
CBL,11,119148922,SNP,G,A,Missense_Mutation,p.C381Y,c.1142G>A,NM_005188,0.34375,11,21,id15991,N,15991,,,,,
,,,,,,,,,,,,,,,,,,,,
CBL,11,119148922,SNP,G,C,Missense_Mutation,p.C381S,c.1142G>C,NM_005188,0.071429,3,39,id5319,N,5319,,,,,
,,,,,,,,,,,,,,,,,,,,
CBL,11,119148924,SNP,A,G,Missense_Mutation,p.K382E,c.1144A>G,NM_005188,0.064103,5,73,id3465,N,3465,,,,,
,,,,,,,,,,,,,,,,,,,,
CBL,11,119148929,SNP,A,G,Missense_Mutation,p.I383M,c.1149A>G,NM_005188,0.06383,6,88,id12878,N,12878,,,,,
,,,,,,,,,,,,,,,,,,,,
CBL,11,119148991,SNP,G,A,Missense_Mutation,p.C404Y,c.1211G>A,NM_005188,0.113333,17,133,id8673,N,8673,,,,,
,,,,,,,,,,,,,,,,,,,,
CBL,11,119148991,SNP,G,A,Missense_Mutation,p.C404Y,c.1211G>A,NM_005188,0.072917,7,89,id15632,N,15632,,,,,
,,,,,,,,,,,,,,,,,,,,
CBL,11,119148991,SNP,G,A,Missense_Mutation,p.C404Y,c.1211G>A,NM_005188,0.101562,13,115,id10499,N,10499,,,,,
,,,,,,,,,,,,,,,,,,,,
CBL,11,119149235,SNP,G,A,Missense_Mutation,p.G415S,c.1243G>A,NM_005188,0.046875,6,122,id16015,N,16015,,,,,
,,,,,,,,,,,,,,,,,,,,
CBL,11,119149235,SNP,G,A,Missense_Mutation,p.G415S,c.1243G>A,NM_005188,0.056,7,118,id15505,N,15505,,,,,
,,,,,,,,,,,,,,,,,,,,
CBL,11,119149244,SNP,T,A,Missense_Mutation,p.F418I,c.1252T>A,NM_005188,0.082278,13,145,id3807,N,3807,,,,,
,,,,,,,,,,,,,,,,,,,,
CBL,11,119149251,SNP,G,A,Missense_Mutation,p.R420Q,c.1259G>A,NM_005188,0.052632,6,108,id10937,N,10937,,,,,
,,,,,,,,,,,,,,,,,,,,
CD58,1,117078587,SNP,C,T,Missense_Mutation,p.G210S,c.628G>A,NM_001779,0.368,46,79,id15637,N,15637,,,,,
,,,,,,,,,,,,,,,,,,,,
CD79B,17,62006798,SNP,T,G,Missense_Mutation,p.Y196S,c.587A>C,NM_000626,0.086957,8,84,id6059,N,6059,,,,,
,,,,,,,,,,,,,,,,,,,,
CNOT3,19,54646887,SNP,G,A,Missense_Mutation,p.E20K,c.58G>A,NM_014516,0.055556,12,204,id1662,N,1662,,,,,
,,,,,,,,,,,,,,,,,,,,
CREBBP,16,3843447,SNP,G,A,Nonsense_Mutation,p.R386*,c.1156C>T,NM_004380,0.054054,6,105,id14548,N,14548,,,,,
,,,,,,,,,,,,,,,,,,,,
CUX1,7,101559473,SNP,C,T,Nonsense_Mutation,p.Q37*,c.1124A>T,NM_181552,0.125,17,119,id3807,N,3807,,,,,
,,,,,,,,,,,,,,,,,,,,
CUX1,7,101747648,SNP,C,T,Nonsense_Mutation,p.R147*,c.4430G>A,NM_181552,0.113636,15,117,id12656,N,12656,,,,,
,,,,,,,,,,,,,,,,,,,,
DNMT3A,2,25469946,SNP,G,C,Missense_Mutation,p.R366G,c.1096C>G,NM_022552,0.073171,3,38,id4535,N,4535,deleterious(0),deleterious,possibly_damaging(0.798),possibly_damaging,
,,,,,,,,,,,,,,,,,,,,
DNMT3A,2,25469945,SNP,C,T,Missense_Mutation,p.R366H,c.1097G>A,NM_022552,0.083333,3,33,id10859,N,10859,deleterious(0.01),deleterious,benign(0.027),benign,
,,,,,,,,,,,,,,,,,,,,
DNMT3A,2,25469945,SNP,C,T,Missense_Mutation,p.R366H,c.1097G>A,NM_022552,0.078947,3,35,id10082,N,10082,deleterious(0.01),deleterious,benign(0.027),benign,
,,,,,,,,,,,,,,,,,,,,
DNMT3A,2,25469527,SNP,A,C,Missense_Mutation,p.F414C,c.1241T>G,NM_022552,0.07563,9,110,id9420,N,9420,deleterious(0),deleterious,probably_damaging(1),probably_damaging,
,,,,,,,,,,,,,,,,,,,,
DNMT3A,2,25469527,SNP,A,C,Missense_Mutation,p.F414C,c.1241T>G,NM_022552,0.090909,11,110,id10738,N,10738,deleterious(0),deleterious,probably_damaging(1),probably_damaging,
,,,,,,,,,,,,,,,,,,,,
DNMT3A,2,25468186,SNP,C,T,Missense_Mutation,p.C497Y,c.1490G>A,NM_022552,0.104348,12,103,id9043,N,9043,deleterious(0),deleterious,probably_damaging(0.999),probably_damaging,
,,,,,,,,,,,,,,,,,,,,
DNMT3A,2,25467496,SNP,T,G,Missense_Mutation,p.Q527P,c.1580A>C,NM_022552,0.123288,9,64,id2858,N,2858,deleterious(0.04),deleterious,possibly_damaging(0.634),possibly_damaging,
,,,,,,,,,,,,,,,,,,,,
DNMT3A,2,25467449,SNP,C,T,Missense_Mutation,p.G543S,c.1627G>A,NM_022552,0.08,6,69,id10674,N,10674,deleterious(0.01),deleterious,possibly_damaging(0.885),possibly_damaging,
,,,,,,,,,,,,,,,,,,,,
DNMT3A,2,25467449,SNP,C,A,Missense_Mutation,p.G543C,c.1627G>T,NM_022552,0.140845,10,61,id5941,N,5941,deleterious(0),deleterious,probably_damaging(0.999),probably_damaging,
,,,,,,,,,,,,,,,,,,,,
DNMT3A,2,25467448,SNP,C,G,Missense_Mutation,p.G543A,c.1628G>C,NM_022552,0.052632,4,72,id12180,N,12180,deleterious(0),deleterious,probably_damaging(0.955),probably_damaging,
,,,,,,,,,,,,,,,,,,,,
DNMT3A,2,25467437,SNP,G,A,Missense_Mutation,p.L547F,c.1639C>T,NM_022552,0.25,19,57,id9916,N,9916,deleterious(0),deleterious,benign(0.143),benign,
,,,,,,,,,,,,,,,,,,,,
DNMT3A,2,25467437,SNP,G,A,Missense_Mutation,p.L547F,c.1639C>T,NM_022552,0.173077,9,43,id8674,N,8674,deleterious(0),deleterious,benign(0.143),benign,
,,,,,,,,,,,,,,,,,,,,
DNMT3A,2,25467436,SNP,A,T,Missense_Mutation,p.L547H,c.1640T>A,NM_022552,0.129412,11,74,id14965,N,14965,deleterious(0),deleterious,probably_damaging(0.951),probably_damaging,
,,,,,,,,,,,,,,,,,,,,
DNMT3A,2,25467436,SNP,A,T,Missense_Mutation,p.L547H,c.1640T>A,NM_022552,0.107692,7,58,id12146,N,12146,deleterious(0),deleterious,probably_damaging(0.951),probably_damaging,
,,,,,,,,,,,,,,,,,,,,
DNMT3A,2,25467436,SNP,A,C,Missense_Mutation,p.L547R,c.1640T>G,NM_022552,0.083333,3,33,id8962,N,8962,deleterious(0),deleterious,probably_damaging(0.935),probably_damaging,
,,,,,,,,,,,,,,,,,,,,
DNMT3A,2,25467428,SNP,C,T,Missense_Mutation,p.G550R,c.1648G>A,NM_022552,0.127273,7,48,id2304,N,2304,deleterious(0),deleterious,possibly_damaging(0.679),possibly_damaging,
,,,,,,,,,,,,,,,,,,,,
DNMT3A,2,25467428,SNP,C,T,Missense_Mutation,p.G550R,c.1648G>A,NM_022552,0.065217,3,43,id15052,N,15052,deleterious(0),deleterious,possibly_damaging(0.679),possibly_damaging,
,,,,,,,,,,,,,,,,,,,,
DNMT3A,2,25467134,SNP,A,C,Missense_Mutation,p.W581G,c.1741T>G,NM_022552,0.115385,3,23,id16011,N,16011,deleterious(0),deleterious,probably_damaging(1),probably_damaging,
,,,,,,,,,,,,,,,,,,,,
DNMT3A,2,25464554,SNP,C,A,Missense_Mutation,p.L653F,c.1959G>T,NM_022552,0.195122,8,33,id2375,N,2375,deleterious(0),deleterious,probably_damaging(1),probably_damaging,
,,,,,,,,,,,,,,,,,,,,
DNMT3A,2,25464544,SNP,C,T,Missense_Mutation,p.V657M,c.1969G>A,NM_022552,0.136364,3,19,id14784,N,14784,deleterious(0),deleterious,probably_damaging(0.986),probably_damaging,
,,,,,,,,,,,,,,,,,,,,
DNMT3A,2,25464544,SNP,C,T,Missense_Mutation,p.V657M,c.1969G>A,NM_022552,0.111111,3,24,id3950,N,3950,deleterious(0),deleterious,probably_damaging(0.986),probably_damaging,
,,,,,,,,,,,,,,,,,,,,
DNMT3A,2,25464544,SNP,C,T,Missense_Mutation,p.V657M,c.1969G>A,NM_022552,0.117647,6,45,id8852,N,8852,deleterious(0),deleterious,probably_damaging(0.986),probably_damaging,
,,,,,,,,,,,,,,,,,,,,
DNMT3A,2,25464537,SNP,C,T,Missense_Mutation,p.R659H,c.1976G>A,NM_022552,0.238095,5,16,id16060,N,16060,deleterious(0.02),deleterious,benign(0.057),benign,
,,,,,,,,,,,,,,,,,,,,
DNMT3A,2,25464537,SNP,C,T,Missense_Mutation,p.R659H,c.1976G>A,NM_022552,0.066667,3,42,id17165,N,17165,deleterious(0.02),deleterious,benign(0.057),benign,
,,,,,,,,,,,,,,,,,,,,
DNMT3A,2,25464534,SNP,T,C,Missense_Mutation,p.Y660C,c.1979A>G,NM_022552,0.075,3,37,id4444,N,4444,deleterious(0),deleterious,probably_damaging(1),probably_damaging,
,,,,,,,,,,,,,,,,,,,,
DNMT3A,2,25464486,SNP,C,T,Missense_Mutation,p.R676Q,c.2027G>A,NM_022552,0.102041,5,44,id16161,N,16161,deleterious(0.02),deleterious,probably_damaging(0.978),probably_damaging,
,,,,,,,,,,,,,,,,,,,,
DNMT3A,2,25464460,SNP,C,T,Missense_Mutation,p.G685R,c.2053G>A,NM_022552,0.080645,5,57,id14857,N,14857,tolerated(0.06),tolerated,possibly_damaging(0.895),possibly_damaging,
,,,,,,,,,,,,,,,,,,,,
DNMT3A,2,25464459,SNP,C,T,Missense_Mutation,p.G685E,c.2054G>A,NM_022552,0.114286,4,31,id3840,N,3840,tolerated(0.07),tolerated,probably_damaging(0.978),probably_damaging,
,,,,,,,,,,,,,,,,,,,,
DNMT3A,2,25464459,SNP,C,G,Missense_Mutation,p.G685A,c.2054G>C,NM_022552,0.083333,4,44,id11374,N,11374,deleterious(0.05),deleterious,possibly_damaging(0.848),possibly_damaging,
,,,,,,,,,,,,,,,,,,,,
DNMT3A,2,25464457,SNP,C,A,Missense_Mutation,p.D686Y,c.2056G>T,NM_022552,0.083333,4,44,id12975,N,12975,deleterious(0),deleterious,probably_damaging(1),probably_damaging,
,,,,,,,,,,,,,,,,,,,,
DNMT3A,2,25464456,SNP,T,A,Missense_Mutation,p.D686V,c.2057A>T,NM_022552,0.122807,7,50,id9977,N,9977,deleterious(0),deleterious,probably_damaging(0.998),probably_damaging,
,,,,,,,,,,,,,,,,,,,,
DNMT3A,2,25463587,SNP,C,T,Missense_Mutation,p.G699S,c.2095G>A,NM_022552,0.116667,7,53,id3790,N,3790,deleterious(0),deleterious,probably_damaging(0.985),probably_damaging,
,,,,,,,,,,,,,,,,,,,,
DNMT3A,2,25463587,SNP,C,T,Missense_Mutation,p.G699S,c.2095G>A,NM_022552,0.207207,23,88,id3196,N,3196,deleterious(0),deleterious,probably_damaging(0.985),probably_damaging,
,,,,,,,,,,,,,,,,,,,,
DNMT3A,2,25463587,SNP,C,T,Missense_Mutation,p.G699S,c.2095G>A,NM_022552,0.226667,17,58,id12570,N,12570,deleterious(0),deleterious,probably_damaging(0.985),probably_damaging,
,,,,,,,,,,,,,,,,,,,,
DNMT3A,2,25463586,SNP,C,T,Missense_Mutation,p.G699D,c.2096G>A,NM_022552,0.17284,14,67,id1719,N,1719,deleterious(0),deleterious,probably_damaging(0.999),probably_damaging,
,,,,,,,,,,,,,,,,,,,,
DNMT3A,2,25463584,SNP,G,A,Missense_Mutation,p.P700S,c.2098C>T,NM_022552,0.338028,24,47,id15026,N,15026,deleterious(0.02),deleterious,probably_damaging(1),probably_damaging,
,,,,,,,,,,,,,,,,,,,,
DNMT3A,2,25463583,SNP,G,C,Missense_Mutation,p.P700R,c.2099C>G,NM_022552,0.059524,5,79,id8775,N,8775,deleterious(0),deleterious,probably_damaging(1),probably_damaging,
,,,,,,,,,,,,,,,,,,,,
DNMT3A,2,25463578,SNP,C,T,Missense_Mutation,p.D702N,c.2104G>A,NM_022552,0.139241,11,68,id8614,N,8614,deleterious(0.05),deleterious,probably_damaging(0.999),probably_damaging,
,,,,,,,,,,,,,,,,,,,,
DNMT3A,2,25463578,SNP,C,A,Missense_Mutation,p.D702Y,c.2104G>T,NM_022552,0.062069,9,136,id16127,N,16127,deleterious(0),deleterious,probably_damaging(1),probably_damaging,
,,,,,,,,,,,,,,,,,,,,
DNMT3A,2,25463571,SNP,A,C,Missense_Mutation,p.V704G,c.2111T>G,NM_022552,0.042373,5,113,id12386,N,12386,deleterious(0.02),deleterious,probably_damaging(0.998),probably_damaging,
,,,,,,,,,,,,,,,,,,,,
DNMT3A,2,25463568,SNP,A,G,Missense_Mutation,p.I705T,c.2114T>C,NM_022552,0.044444,4,86,id13787,N,13787,deleterious(0),deleterious,probably_damaging(0.999),probably_damaging,
,,,,,,,,,,,,,,,,,,,,
DNMT3A,2,25463568,SNP,A,G,Missense_Mutation,p.I705T,c.2114T>C,NM_022552,0.103774,11,95,id8691,N,8691,deleterious(0),deleterious,probably_damaging(0.999),probably_damaging,
,,,,,,,,,,,,,,,,,,,,
DNMT3A,2,25463554,SNP,A,T,Missense_Mutation,p.C710S,c.2128T>A,NM_022552,0.125926,17,118,id3426,N,3426,deleterious(0.01),deleterious,probably_damaging(0.999),probably_damaging,
,,,,,,,,,,,,,,,,,,,,
DNMT3A,2,25463554,SNP,A,T,Missense_Mutation,p.C710S,c.2128T>A,NM_022552,0.045161,7,148,id4883,N,4883,deleterious(0.01),deleterious,probably_damaging(0.999),probably_damaging,
,,,,,,,,,,,,,,,,,,,,
DNMT3A,2,25463541,SNP,G,C,Missense_Mutation,p.S714C,c.2141C>G,NM_022552,0.036765,5,131,id16144,N,16144,deleterious(0.01),deleterious,probably_damaging(0.997),probably_damaging,
,,,,,,,,,,,,,,,,,,,,
DNMT3A,2,25463541,SNP,G,C,Missense_Mutation,p.S714C,c.2141C>G,NM_022552,0.042553,4,90,id15164,N,15164,deleterious(0.01),deleterious,probably_damaging(0.997),probably_damaging,
,,,,,,,,,,,,,,,,,,,,
DNMT3A,2,25463541,SNP,G,C,Missense_Mutation,p.S714C,c.2141C>G,NM_022552,0.055556,5,85,id14273,N,14273,deleterious(0.01),deleterious,probably_damaging(0.997),probably_damaging,
,,,,,,,,,,,,,,,,,,,,
DNMT3A,2,25463532,SNP,T,A,Missense_Mutation,p.N717I,c.2150A>T,NM_022552,0.079812,17,196,id6708,N,6708,deleterious(0),deleterious,probably_damaging(0.999),probably_damaging,
,,,,,,,,,,,,,,,,,,,,
DNMT3A,2,25463523,SNP,C,T,Missense_Mutation,p.R720H,c.2159G>A,NM_022552,0.068323,11,150,id8630,N,8630,deleterious(0),deleterious,possibly_damaging(0.546),possibly_damaging,
,,,,,,,,,,,,,,,,,,,,
DNMT3A,2,25463308,SNP,G,C,Missense_Mutation,p.R729G,c.2185C>G,NM_022552,0.088608,7,72,id6003,N,6003,deleterious(0),deleterious,probably_damaging(0.979),probably_damaging,
,,,,,,,,,,,,,,,,,,,,
DNMT3A,2,25463308,SNP,G,A,Missense_Mutation,p.R729W,c.2185C>T,NM_022552,0.098592,7,64,id2396,N,2396,deleterious(0),deleterious,possibly_damaging(0.84),possibly_damaging,
,,,,,,,,,,,,,,,,,,,,
DNMT3A,2,25463308,SNP,G,A,Missense_Mutation,p.R729W,c.2185C>T,NM_022552,0.088889,4,41,id16068,N,16068,deleterious(0),deleterious,possibly_damaging(0.84),possibly_damaging,
,,,,,,,,,,,,,,,,,,,,
DNMT3A,2,25463308,SNP,G,A,Missense_Mutation,p.R729W,c.2185C>T,NM_022552,0.098361,6,55,id15009,N,15009,deleterious(0),deleterious,possibly_damaging(0.84),possibly_damaging,
,,,,,,,,,,,,,,,,,,,,
DNMT3A,2,25463308,SNP,G,A,Missense_Mutation,p.R729W,c.2185C>T,NM_022552,0.05,4,76,id8983,N,8983,deleterious(0),deleterious,possibly_damaging(0.84),possibly_damaging,
,,,,,,,,,,,,,,,,,,,,
DNMT3A,2,25463308,SNP,G,A,Missense_Mutation,p.R729W,c.2185C>T,NM_022552,0.051948,4,73,id2025,N,2025,deleterious(0),deleterious,possibly_damaging(0.84),possibly_damaging,
,,,,,,,,,,,,,,,,,,,,
DNMT3A,2,25463308,SNP,G,A,Missense_Mutation,p.R729W,c.2185C>T,NM_022552,0.074074,6,75,id15128,N,15128,deleterious(0),deleterious,possibly_damaging(0.84),possibly_damaging,
,,,,,,,,,,,,,,,,,,,,
DNMT3A,2,25463307,SNP,C,T,Missense_Mutation,p.R729Q,c.2186G>A,NM_022552,0.053763,5,88,id5320,N,5320,deleterious(0.02),deleterious,benign(0.445),benign,
,,,,,,,,,,,,,,,,,,,,
DNMT3A,2,25463300,SNP,G,T,Missense_Mutation,p.F731L,c.2193C>A,NM_022552,0.067797,4,55,id9875,N,9875,deleterious(0.02),deleterious,probably_damaging(1),probably_damaging,
,,,,,,,,,,,,,,,,,,,,
DNMT3A,2,25463298,SNP,A,G,Missense_Mutation,p.F732S,c.2195T>C,NM_022552,0.084746,5,54,id8808,N,8808,deleterious(0),deleterious,probably_damaging(0.954),probably_damaging,
,,,,,,,,,,,,,,,,,,,,
DNMT3A,2,25463298,SNP,A,G,Missense_Mutation,p.F732S,c.2195T>C,NM_022552,0.092105,7,69,id9932,N,9932,deleterious(0),deleterious,probably_damaging(0.954),probably_damaging,
,,,,,,,,,,,,,,,,,,,,
DNMT3A,2,25463292,SNP,A,C,Missense_Mutation,p.F734C,c.2201T>G,NM_022552,0.1,8,72,id11518,N,11518,deleterious(0.01),deleterious,probably_damaging(0.999),probably_damaging,
,,,,,,,,,,,,,,,,,,,,
DNMT3A,2,25463291,SNP,G,C,Missense_Mutation,p.F734L,c.2202C>G,NM_022552,0.045455,5,105,id2350,N,2350,deleterious(0),deleterious,probably_damaging(0.985),probably_damaging,
,,,,,,,,,,,,,,,,,,,,
DNMT3A,2,25463289,SNP,T,G,Missense_Mutation,p.Y735S,c.2204A>C,NM_022552,0.044444,4,86,id3658,N,3658,deleterious(0),deleterious,probably_damaging(0.994),probably_damaging,
,,,,,,,,,,,,,,,,,,,,
DNMT3A,2,25463289,SNP,T,C,Missense_Mutation,p.Y735C,c.2204A>G,NM_022552,0.060606,6,93,id9953,N,9953,deleterious(0.02),deleterious,possibly_damaging(0.874),possibly_damaging,
,,,,,,,,,,,,,,,,,,,,
DNMT3A,2,25463289,SNP,T,C,Missense_Mutation,p.Y735C,c.2204A>G,NM_022552,0.0625,6,90,id14999,N,14999,deleterious(0.02),deleterious,possibly_damaging(0.874),possibly_damaging,
,,,,,,,,,,,,,,,,,,,,
DNMT3A,2,25463289,SNP,T,C,Missense_Mutation,p.Y735C,c.2204A>G,NM_022552,0.125,11,77,id12769,N,12769,deleterious(0.02),deleterious,possibly_damaging(0.874),possibly_damaging,
,,,,,,,,,,,,,,,,,,,,
DNMT3A,2,25463289,SNP,T,C,Missense_Mutation,p.Y735C,c.2204A>G,NM_022552,0.15493,11,60,id8729,N,8729,deleterious(0.02),deleterious,possibly_damaging(0.874),possibly_damaging,
,,,,,,,,,,,,,,,,,,,,
DNMT3A,2,25463289,SNP,T,C,Missense_Mutation,p.Y735C,c.2204A>G,NM_022552,0.104478,7,60,id6944,N,6944,deleterious(0.02),deleterious,possibly_damaging(0.874),possibly_damaging,
,,,,,,,,,,,,,,,,,,,,
DNMT3A,2,25463289,SNP,T,C,Missense_Mutation,p.Y735C,c.2204A>G,NM_022552,0.064935,5,72,id2196,N,2196,deleterious(0.02),deleterious,possibly_damaging(0.874),possibly_damaging,
,,,,,,,,,,,,,,,,,,,,
DNMT3A,2,25463289,SNP,T,C,Missense_Mutation,p.Y735C,c.2204A>G,NM_022552,0.068966,6,81,id13765,N,13765,deleterious(0.02),deleterious,possibly_damaging(0.874),possibly_damaging,
,,,,,,,,,,,,,,,,,,,,
DNMT3A,2,25463289,SNP,T,C,Missense_Mutation,p.Y735C,c.2204A>G,NM_022552,0.14,7,43,id15574,N,15574,deleterious(0.02),deleterious,possibly_damaging(0.874),possibly_damaging,
,,,,,,,,,,,,,,,,,,,,
DNMT3A,2,25463287,SNP,G,A,Missense_Mutation,p.R736C,c.2206C>T,NM_022552,0.069767,6,80,id10935,N,10935,deleterious(0.01),deleterious,probably_damaging(0.971),probably_damaging,
,,,,,,,,,,,,,,,,,,,,
DNMT3A,2,25463287,SNP,G,A,Missense_Mutation,p.R736C,c.2206C>T,NM_022552,0.045455,5,105,id1400,N,1400,deleterious(0.01),deleterious,probably_damaging(0.971),probably_damaging,
,,,,,,,,,,,,,,,,,,,,
DNMT3A,2,25463287,SNP,G,A,Missense_Mutation,p.R736C,c.2206C>T,NM_022552,0.107143,9,75,id11823,N,11823,deleterious(0.01),deleterious,probably_damaging(0.971),probably_damaging,
,,,,,,,,,,,,,,,,,,,,
DNMT3A,2,25463287,SNP,G,A,Missense_Mutation,p.R736C,c.2206C>T,NM_022552,0.066667,4,56,id8297,N,8297,deleterious(0.01),deleterious,probably_damaging(0.971),probably_damaging,
,,,,,,,,,,,,,,,,,,,,
DNMT3A,2,25463286,SNP,C,T,Missense_Mutation,p.R736H,c.2207G>A,NM_022552,0.035971,5,134,id2222,N,2222,tolerated(0.39),tolerated,possibly_damaging(0.874),possibly_damaging,
,,,,,,,,,,,,,,,,,,,,
DNMT3A,2,25463286,SNP,C,T,Missense_Mutation,p.R736H,c.2207G>A,NM_022552,0.206897,12,46,id15683,N,15683,tolerated(0.39),tolerated,possibly_damaging(0.874),possibly_damaging,
,,,,,,,,,,,,,,,,,,,,
DNMT3A,2,25463286,SNP,C,T,Missense_Mutation,p.R736H,c.2207G>A,NM_022552,0.130841,14,93,id9230,N,9230,tolerated(0.39),tolerated,possibly_damaging(0.874),possibly_damaging,
,,,,,,,,,,,,,,,,,,,,
DNMT3A,2,25463286,SNP,C,T,Missense_Mutation,p.R736H,c.2207G>A,NM_022552,0.202703,15,59,id1522,N,1522,tolerated(0.39),tolerated,possibly_damaging(0.874),possibly_damaging,
,,,,,,,,,,,,,,,,,,,,
DNMT3A,2,25463286,SNP,C,G,Missense_Mutation,p.R736P,c.2207G>C,NM_022552,0.051282,6,111,id2964,N,2964,deleterious(0),deleterious,probably_damaging(1),probably_damaging,
,,,,,,,,,,,,,,,,,,,,
DNMT3A,2,25463283,SNP,A,T,Missense_Mutation,p.L737H,c.2210T>A,NM_022552,0.11236,10,79,id9422,N,9422,deleterious(0),deleterious,probably_damaging(0.999),probably_damaging,
,,,,,,,,,,,,,,,,,,,,
DNMT3A,2,25463283,SNP,A,G,Missense_Mutation,p.L737P,c.2210T>C,NM_022552,0.070175,12,159,id6671,N,6671,deleterious(0.02),deleterious,probably_damaging(0.999),probably_damaging,
,,,,,,,,,,,,,,,,,,,,
DNMT3A,2,25463283,SNP,A,C,Missense_Mutation,p.L737R,c.2210T>G,NM_022552,0.064103,5,73,id6440,N,6440,deleterious(0),deleterious,probably_damaging(0.998),probably_damaging,
,,,,,,,,,,,,,,,,,,,,
DNMT3A,2,25463246,DNP,GC,AA,Missense_Mutation,p.R749L,c.2246_2247GC>TT,NM_022552,0.302326,26,60,id8792,N,8792,deleterious(0),deleterious,probably_damaging(0.997),probably_damaging,
,,,,,,,,,,,,,,,,,,,,
DNMT3A,2,25463247,SNP,C,T,Missense_Mutation,p.R749H,c.2246G>A,NM_022552,0.042857,6,134,id1756,N,1756,deleterious(0),deleterious,probably_damaging(0.998),probably_damaging,
,,,,,,,,,,,,,,,,,,,,
DNMT3A,2,25463240,SNP,G,C,Missense_Mutation,p.F751L,c.2253C>G,NM_022552,0.3125,35,77,id6937,N,6937,tolerated(0.05),tolerated,possibly_damaging(0.745),possibly_damaging,
,,,,,,,,,,,,,,,,,,,,
DNMT3A,2,25463239,SNP,A,T,Missense_Mutation,p.F752I,c.2254T>A,NM_022552,0.165414,22,111,id13396,N,13396,deleterious(0),deleterious,probably_damaging(0.988),probably_damaging,
,,,,,,,,,,,,,,,,,,,,
DNMT3A,2,25463239,SNP,A,C,Missense_Mutation,p.F752V,c.2254T>G,NM_022552,0.093168,15,146,id12121,N,12121,deleterious(0),deleterious,probably_damaging(0.996),probably_damaging,
,,,,,,,,,,,,,,,,,,,,
DNMT3A,2,25463239,SNP,A,C,Missense_Mutation,p.F752V,c.2254T>G,NM_022552,0.047945,7,139,id8192,N,8192,deleterious(0),deleterious,probably_damaging(0.996),probably_damaging,
,,,,,,,,,,,,,,,,,,,,
DNMT3A,2,25463237,SNP,G,C,Missense_Mutation,p.F752L,c.2256C>G,NM_022552,0.0625,6,90,id8525,N,8525,deleterious(0),deleterious,possibly_damaging(0.854),possibly_damaging,
,,,,,,,,,,,,,,,,,,,,
DNMT3A,2,25463232,SNP,A,T,Missense_Mutation,p.L754H,c.2261T>A,NM_022552,0.070796,8,105,id9280,N,9280,deleterious(0),deleterious,probably_damaging(0.998),probably_damaging,
,,,,,,,,,,,,,,,,,,,,
DNMT3A,2,25463230,SNP,A,T,Missense_Mutation,p.F755I,c.2263T>A,NM_022552,0.121622,9,65,id16013,N,16013,deleterious(0.05),deleterious,probably_damaging(0.999),probably_damaging,
,,,,,,,,,,,,,,,,,,,,
DNMT3A,2,25463230,SNP,A,T,Missense_Mutation,p.F755I,c.2263T>A,NM_022552,0.043478,6,132,id5386,N,5386,deleterious(0.05),deleterious,probably_damaging(0.999),probably_damaging,
,,,,,,,,,,,,,,,,,,,,
DNMT3A,2,25463229,SNP,A,G,Missense_Mutation,p.F755S,c.2264T>C,NM_022552,0.247619,26,79,id16185,N,16185,deleterious(0.02),deleterious,probably_damaging(1),probably_damaging,
,,,,,,,,,,,,,,,,,,,,
DNMT3A,2,25463229,SNP,A,G,Missense_Mutation,p.F755S,c.2264T>C,NM_022552,0.064286,9,131,id14878,N,14878,deleterious(0.02),deleterious,probably_damaging(1),probably_damaging,
,,,,,,,,,,,,,,,,,,,,
DNMT3A,2,25463229,SNP,A,G,Missense_Mutation,p.F755S,c.2264T>C,NM_022552,0.043103,5,111,id8657,N,8657,deleterious(0.02),deleterious,probably_damaging(1),probably_damaging,
,,,,,,,,,,,,,,,,,,,,
DNMT3A,2,25463228,SNP,A,C,Missense_Mutation,p.F755L,c.2265T>G,NM_022552,0.048276,7,138,id9897,N,9897,deleterious(0.02),deleterious,probably_damaging(0.999),probably_damaging,
,,,,,,,,,,,,,,,,,,,,
DNMT3A,2,25463212,SNP,T,C,Missense_Mutation,p.M761V,c.2281A>G,NM_022552,0.047847,10,199,id2963,N,2963,deleterious(0),deleterious,probably_damaging(1),probably_damaging,
,,,,,,,,,,,,,,,,,,,,
DNMT3A,2,25463185,SNP,A,G,Missense_Mutation,p.S770P,c.2308T>C,NM_022552,0.03876,5,124,id14786,N,14786,deleterious(0.05),deleterious,probably_damaging(0.998),probably_damaging,
,,,,,,,,,,,,,,,,,,,,
DNMT3A,2,25463184,SNP,G,C,Missense_Mutation,p.S770W,c.2309C>G,NM_022552,0.09434,10,96,id15610,N,15610,deleterious(0),deleterious,probably_damaging(1),probably_damaging,
,,,,,,,,,,,,,,,,,,,,
DNMT3A,2,25463184,SNP,G,C,Missense_Mutation,p.S770W,c.2309C>G,NM_022552,0.046053,7,145,id15584,N,15584,deleterious(0),deleterious,probably_damaging(1),probably_damaging,
,,,,,,,,,,,,,,,,,,,,
DNMT3A,2,25463181,SNP,C,T,Missense_Mutation,p.R771Q,c.2312G>A,NM_022552,0.076923,7,84,id3722,N,3722,deleterious(0.02),deleterious,possibly_damaging(0.859),possibly_damaging,
,,,,,,,,,,,,,,,,,,,,
DNMT3A,2,25463181,SNP,C,T,Missense_Mutation,p.R771Q,c.2312G>A,NM_022552,0.05042,6,113,id1923,N,1923,deleterious(0.02),deleterious,possibly_damaging(0.859),possibly_damaging,
,,,,,,,,,,,,,,,,,,,,
DNMT3A,2,25463181,SNP,C,T,Missense_Mutation,p.R771Q,c.2312G>A,NM_022552,0.055556,8,136,id3034,N,3034,deleterious(0.02),deleterious,possibly_damaging(0.859),possibly_damaging,
,,,,,,,,,,,,,,,,,,,,
DNMT3A,2,25463181,SNP,C,T,Missense_Mutation,p.R771Q,c.2312G>A,NM_022552,0.044444,4,86,id1070,N,1070,deleterious(0.02),deleterious,possibly_damaging(0.859),possibly_damaging,
,,,,,,,,,,,,,,,,,,,,
DNMT3A,2,25463179,SNP,A,C,Missense_Mutation,p.F772V,c.2314T>G,NM_022552,0.038462,6,150,id17117,N,17117,deleterious(0),deleterious,probably_damaging(0.937),probably_damaging,
,,,,,,,,,,,,,,,,,,,,
DNMT3A,2,25463175,SNP,A,C,Missense_Mutation,p.L773R,c.2318T>G,NM_022552,0.03937,5,122,id12726,N,12726,deleterious(0),deleterious,probably_damaging(0.999),probably_damaging,
,,,,,,,,,,,,,,,,,,,,
DNMT3A,2,25463171,SNP,C,G,Missense_Mutation,p.E774D,c.2322G>C,NM_022552,0.061069,8,123,id3224,N,3224,deleterious(0),deleterious,benign(0.166),benign,
,,,,,,,,,,,,,,,,,,,,
DNMT3A,2,25462020,SNP,C,A,Missense_Mutation,p.G796V,c.2387G>T,NM_022552,0.090909,4,40,id8952,N,8952,deleterious(0),deleterious,probably_damaging(0.999),probably_damaging,
,,,,,,,,,,,,,,,,,,,,
DNMT3A,2,25462011,SNP,G,T,Missense_Mutation,p.P799H,c.2396C>A,NM_022552,0.166667,4,20,id13451,N,13451,deleterious(0),deleterious,probably_damaging(0.997),probably_damaging,
,,,,,,,,,,,,,,,,,,,,
DNMT3A,2,25459872,SNP,G,A,Missense_Mutation,p.P804L,c.2411C>T,NM_022552,0.18,9,41,id2965,N,2965,deleterious(0.02),deleterious,possibly_damaging(0.848),possibly_damaging,
,,,,,,,,,,,,,,,,,,,,
DNMT3A,2,25458595,SNP,A,G,Missense_Mutation,p.W860R,c.2578T>C,NM_022552,0.288889,13,32,id16986,N,16986,deleterious(0),deleterious,probably_damaging(0.934),probably_damaging,
,,,,,,,,,,,,,,,,,,,,
DNMT3A,2,25458595,SNP,A,G,Missense_Mutation,p.W860R,c.2578T>C,NM_022552,0.036232,5,133,id6619,N,6619,deleterious(0),deleterious,probably_damaging(0.934),probably_damaging,
,,,,,,,,,,,,,,,,,,,,
DNMT3A,2,25457281,SNP,C,A,Missense_Mutation,p.G869V,c.2606G>T,NM_022552,0.083333,4,44,id3283,N,3283,deleterious(0),deleterious,probably_damaging(1),probably_damaging,
,,,,,,,,,,,,,,,,,,,,
DNMT3A,2,25457249,SNP,T,C,Missense_Mutation,p.M880V,c.2638A>G,NM_022552,0.266667,16,44,id2054,N,2054,deleterious(0),deleterious,benign(0.43),benign,
,,,,,,,,,,,,,,,,,,,,
DNMT3A,2,25457249,SNP,T,C,Missense_Mutation,p.M880V,c.2638A>G,NM_022552,0.061538,4,61,id8376,N,8376,deleterious(0),deleterious,benign(0.43),benign,
,,,,,,,,,,,,,,,,,,,,
DNMT3A,2,25457245,SNP,C,A,Missense_Mutation,p.S881I,c.2642G>T,NM_022552,0.09434,5,48,id5767,N,5767,deleterious(0),deleterious,probably_damaging(0.947),probably_damaging,
,,,,,,,,,,,,,,,,,,,,
DNMT3A,2,25457243,SNP,G,A,Missense_Mutation,p.R882C,c.2644C>T,NM_022552,0.122449,6,43,id16177,N,16177,deleterious(0.02),deleterious,probably_damaging(0.958),probably_damaging,
,,,,,,,,,,,,,,,,,,,,
DNMT3A,2,25457243,SNP,G,A,Missense_Mutation,p.R882C,c.2644C>T,NM_022552,0.076923,3,36,id16090,N,16090,deleterious(0.02),deleterious,probably_damaging(0.958),probably_damaging,
,,,,,,,,,,,,,,,,,,,,
DNMT3A,2,25457243,SNP,G,A,Missense_Mutation,p.R882C,c.2644C>T,NM_022552,0.065574,4,57,id9965,N,9965,deleterious(0.02),deleterious,probably_damaging(0.958),probably_damaging,
,,,,,,,,,,,,,,,,,,,,
DNMT3A,2,25457243,SNP,G,A,Missense_Mutation,p.R882C,c.2644C>T,NM_022552,0.075,3,37,id2320,N,2320,deleterious(0.02),deleterious,probably_damaging(0.958),probably_damaging,
,,,,,,,,,,,,,,,,,,,,
DNMT3A,2,25457243,SNP,G,A,Missense_Mutation,p.R882C,c.2644C>T,NM_022552,0.102941,7,61,id15309,N,15309,deleterious(0.02),deleterious,probably_damaging(0.958),probably_damaging,
,,,,,,,,,,,,,,,,,,,,
DNMT3A,2,25457243,SNP,G,A,Missense_Mutation,p.R882C,c.2644C>T,NM_022552,0.076923,3,36,id15857,N,15857,deleterious(0.02),deleterious,probably_damaging(0.958),probably_damaging,
,,,,,,,,,,,,,,,,,,,,
DNMT3A,2,25457243,SNP,G,A,Missense_Mutation,p.R882C,c.2644C>T,NM_022552,0.135593,8,51,id13686,N,13686,deleterious(0.02),deleterious,probably_damaging(0.958),probably_damaging,
,,,,,,,,,,,,,,,,,,,,
DNMT3A,2,25457243,SNP,G,A,Missense_Mutation,p.R882C,c.2644C>T,NM_022552,0.104167,5,43,id2059,N,2059,deleterious(0.02),deleterious,probably_damaging(0.958),probably_damaging,
,,,,,,,,,,,,,,,,,,,,
DNMT3A,2,25457243,SNP,G,A,Missense_Mutation,p.R882C,c.2644C>T,NM_022552,0.226667,17,58,id3197,N,3197,deleterious(0.02),deleterious,probably_damaging(0.958),probably_damaging,
,,,,,,,,,,,,,,,,,,,,
DNMT3A,2,25457243,SNP,G,A,Missense_Mutation,p.R882C,c.2644C>T,NM_022552,0.302326,13,30,id3170,N,3170,deleterious(0.02),deleterious,probably_damaging(0.958),probably_damaging,
,,,,,,,,,,,,,,,,,,,,
DNMT3A,2,25457243,SNP,G,A,Missense_Mutation,p.R882C,c.2644C>T,NM_022552,0.065217,6,86,id4835,N,4835,deleterious(0.02),deleterious,probably_damaging(0.958),probably_damaging,
,,,,,,,,,,,,,,,,,,,,
DNMT3A,2,25457243,SNP,G,A,Missense_Mutation,p.R882C,c.2644C>T,NM_022552,0.097561,8,74,id3681,N,3681,deleterious(0.02),deleterious,probably_damaging(0.958),probably_damaging,
,,,,,,,,,,,,,,,,,,,,
DNMT3A,2,25457243,SNP,G,A,Missense_Mutation,p.R882C,c.2644C>T,NM_022552,0.205882,14,54,id14695,N,14695,deleterious(0.02),deleterious,probably_damaging(0.958),probably_damaging,
,,,,,,,,,,,,,,,,,,,,
DNMT3A,2,25457243,SNP,G,A,Missense_Mutation,p.R882C,c.2644C>T,NM_022552,0.076923,5,60,id6592,N,6592,deleterious(0.02),deleterious,probably_damaging(0.958),probably_damaging,
,,,,,,,,,,,,,,,,,,,,
DNMT3A,2,25457243,SNP,G,A,Missense_Mutation,p.R882C,c.2644C>T,NM_022552,0.117647,4,30,id1759,N,1759,deleterious(0.02),deleterious,probably_damaging(0.958),probably_damaging,
,,,,,,,,,,,,,,,,,,,,
DNMT3A,2,25457243,SNP,G,A,Missense_Mutation,p.R882C,c.2644C>T,NM_022552,0.114286,4,31,id14601,N,14601,deleterious(0.02),deleterious,probably_damaging(0.958),probably_damaging,
,,,,,,,,,,,,,,,,,,,,
DNMT3A,2,25457243,SNP,G,A,Missense_Mutation,p.R882C,c.2644C>T,NM_022552,0.064516,4,58,id3613,N,3613,deleterious(0.02),deleterious,probably_damaging(0.958),probably_damaging,
,,,,,,,,,,,,,,,,,,,,
DNMT3A,2,25457243,SNP,G,A,Missense_Mutation,p.R882C,c.2644C>T,NM_022552,0.375,30,50,id4532,N,4532,deleterious(0.02),deleterious,probably_damaging(0.958),probably_damaging,
,,,,,,,,,,,,,,,,,,,,
DNMT3A,2,25457243,SNP,G,A,Missense_Mutation,p.R882C,c.2644C>T,NM_022552,0.085714,3,32,id6567,N,6567,deleterious(0.02),deleterious,probably_damaging(0.958),probably_damaging,
,,,,,,,,,,,,,,,,,,,,
DNMT3A,2,25457243,SNP,G,A,Missense_Mutation,p.R882C,c.2644C>T,NM_022552,0.066667,4,56,id13423,N,13423,deleterious(0.02),deleterious,probably_damaging(0.958),probably_damaging,
,,,,,,,,,,,,,,,,,,,,
DNMT3A,2,25457243,SNP,G,A,Missense_Mutation,p.R882C,c.2644C>T,NM_022552,0.1,7,63,id5194,N,5194,deleterious(0.02),deleterious,probably_damaging(0.958),probably_damaging,
,,,,,,,,,,,,,,,,,,,,
DNMT3A,2,25457243,SNP,G,A,Missense_Mutation,p.R882C,c.2644C>T,NM_022552,0.372881,22,37,id14241,N,14241,deleterious(0.02),deleterious,probably_damaging(0.958),probably_damaging,
,,,,,,,,,,,,,,,,,,,,
DNMT3A,2,25457243,SNP,G,A,Missense_Mutation,p.R882C,c.2644C>T,NM_022552,0.175439,10,47,id10367,N,10367,deleterious(0.02),deleterious,probably_damaging(0.958),probably_damaging,
,,,,,,,,,,,,,,,,,,,,
DNMT3A,2,25457243,SNP,G,A,Missense_Mutation,p.R882C,c.2644C>T,NM_022552,0.052632,4,72,id714,N,714,deleterious(0.02),deleterious,probably_damaging(0.958),probably_damaging,
,,,,,,,,,,,,,,,,,,,,
DNMT3A,2,25457243,SNP,G,A,Missense_Mutation,p.R882C,c.2644C>T,NM_022552,0.196078,10,41,id362,N,362,deleterious(0.02),deleterious,probably_damaging(0.958),probably_damaging,
,,,,,,,,,,,,,,,,,,,,
DNMT3A,2,25457242,SNP,C,T,Missense_Mutation,p.R882H,c.2645G>A,NM_022552,0.078947,3,35,id16125,N,16125,deleterious(0),deleterious,benign(0.067),benign,
,,,,,,,,,,,,,,,,,,,,
DNMT3A,2,25457242,SNP,C,T,Missense_Mutation,p.R882H,c.2645G>A,NM_022552,0.320755,17,36,id3816,N,3816,deleterious(0),deleterious,benign(0.067),benign,
,,,,,,,,,,,,,,,,,,,,
DNMT3A,2,25457242,SNP,C,T,Missense_Mutation,p.R882H,c.2645G>A,NM_022552,0.290323,27,66,id3392,N,3392,deleterious(0),deleterious,benign(0.067),benign,
,,,,,,,,,,,,,,,,,,,,
DNMT3A,2,25457242,SNP,C,T,Missense_Mutation,p.R882H,c.2645G>A,NM_022552,0.231707,19,63,id14954,N,14954,deleterious(0),deleterious,benign(0.067),benign,
,,,,,,,,,,,,,,,,,,,,
DNMT3A,2,25457242,SNP,C,T,Missense_Mutation,p.R882H,c.2645G>A,NM_022552,0.381818,21,34,id6065,N,6065,deleterious(0),deleterious,benign(0.067),benign,
,,,,,,,,,,,,,,,,,,,,
DNMT3A,2,25457242,SNP,C,T,Missense_Mutation,p.R882H,c.2645G>A,NM_022552,0.302632,23,53,id8970,N,8970,deleterious(0),deleterious,benign(0.067),benign,
,,,,,,,,,,,,,,,,,,,,
DNMT3A,2,25457242,SNP,C,T,Missense_Mutation,p.R882H,c.2645G>A,NM_022552,0.068966,4,54,id12364,N,12364,deleterious(0),deleterious,benign(0.067),benign,
,,,,,,,,,,,,,,,,,,,,
DNMT3A,2,25457242,SNP,C,T,Missense_Mutation,p.R882H,c.2645G>A,NM_022552,0.210526,8,30,id14900,N,14900,deleterious(0),deleterious,benign(0.067),benign,
,,,,,,,,,,,,,,,,,,,,
DNMT3A,2,25457242,SNP,C,T,Missense_Mutation,p.R882H,c.2645G>A,NM_022552,0.06383,3,44,id15861,N,15861,deleterious(0),deleterious,benign(0.067),benign,
,,,,,,,,,,,,,,,,,,,,
DNMT3A,2,25457242,SNP,C,T,Missense_Mutation,p.R882H,c.2645G>A,NM_022552,0.081081,6,68,id6943,N,6943,deleterious(0),deleterious,benign(0.067),benign,
,,,,,,,,,,,,,,,,,,,,
DNMT3A,2,25457242,SNP,C,T,Missense_Mutation,p.R882H,c.2645G>A,NM_022552,0.069767,3,40,id10973,N,10973,deleterious(0),deleterious,benign(0.067),benign,
,,,,,,,,,,,,,,,,,,,,
DNMT3A,2,25457242,SNP,C,T,Missense_Mutation,p.R882H,c.2645G>A,NM_022552,0.153846,8,44,id13747,N,13747,deleterious(0),deleterious,benign(0.067),benign,
,,,,,,,,,,,,,,,,,,,,
DNMT3A,2,25457242,SNP,C,T,Missense_Mutation,p.R882H,c.2645G>A,NM_022552,0.089888,8,81,id6895,N,6895,deleterious(0),deleterious,benign(0.067),benign,
,,,,,,,,,,,,,,,,,,,,
DNMT3A,2,25457242,SNP,C,T,Missense_Mutation,p.R882H,c.2645G>A,NM_022552,0.142857,12,72,id4970,N,4970,deleterious(0),deleterious,benign(0.067),benign,
,,,,,,,,,,,,,,,,,,,,
DNMT3A,2,25457242,SNP,C,T,Missense_Mutation,p.R882H,c.2645G>A,NM_022552,0.202899,14,55,id15710,N,15710,deleterious(0),deleterious,benign(0.067),benign,
,,,,,,,,,,,,,,,,,,,,
DNMT3A,2,25457242,SNP,C,T,Missense_Mutation,p.R882H,c.2645G>A,NM_022552,0.492958,35,36,id6805,N,6805,deleterious(0),deleterious,benign(0.067),benign,
,,,,,,,,,,,,,,,,,,,,
DNMT3A,2,25457242,SNP,C,T,Missense_Mutation,p.R882H,c.2645G>A,NM_022552,0.084507,6,65,id8646,N,8646,deleterious(0),deleterious,benign(0.067),benign,
,,,,,,,,,,,,,,,,,,,,
DNMT3A,2,25457242,SNP,C,T,Missense_Mutation,p.R882H,c.2645G>A,NM_022552,0.136364,12,76,id6767,N,6767,deleterious(0),deleterious,benign(0.067),benign,
,,,,,,,,,,,,,,,,,,,,
DNMT3A,2,25457242,SNP,C,T,Missense_Mutation,p.R882H,c.2645G>A,NM_022552,0.072727,4,51,id10899,N,10899,deleterious(0),deleterious,benign(0.067),benign,
,,,,,,,,,,,,,,,,,,,,
DNMT3A,2,25457242,SNP,C,T,Missense_Mutation,p.R882H,c.2645G>A,NM_022552,0.136364,9,57,id14751,N,14751,deleterious(0),deleterious,benign(0.067),benign,
,,,,,,,,,,,,,,,,,,,,
DNMT3A,2,25457242,SNP,C,T,Missense_Mutation,p.R882H,c.2645G>A,NM_022552,0.258621,15,43,id15615,N,15615,deleterious(0),deleterious,benign(0.067),benign,
,,,,,,,,,,,,,,,,,,,,
DNMT3A,2,25457242,SNP,C,T,Missense_Mutation,p.R882H,c.2645G>A,NM_022552,0.169492,10,49,id15630,N,15630,deleterious(0),deleterious,benign(0.067),benign,
,,,,,,,,,,,,,,,,,,,,
DNMT3A,2,25457242,SNP,C,T,Missense_Mutation,p.R882H,c.2645G>A,NM_022552,0.061728,5,76,id1921,N,1921,deleterious(0),deleterious,benign(0.067),benign,
,,,,,,,,,,,,,,,,,,,,
DNMT3A,2,25457242,SNP,C,T,Missense_Mutation,p.R882H,c.2645G>A,NM_022552,0.065217,3,43,id15600,N,15600,deleterious(0),deleterious,benign(0.067),benign,
,,,,,,,,,,,,,,,,,,,,
DNMT3A,2,25457242,SNP,C,T,Missense_Mutation,p.R882H,c.2645G>A,NM_022552,0.377358,20,33,id17014,N,17014,deleterious(0),deleterious,benign(0.067),benign,
,,,,,,,,,,,,,,,,,,,,
DNMT3A,2,25457242,SNP,C,T,Missense_Mutation,p.R882H,c.2645G>A,NM_022552,0.078431,4,47,id9232,N,9232,deleterious(0),deleterious,benign(0.067),benign,
,,,,,,,,,,,,,,,,,,,,
DNMT3A,2,25457242,SNP,C,T,Missense_Mutation,p.R882H,c.2645G>A,NM_022552,0.072727,4,51,id13491,N,13491,deleterious(0),deleterious,benign(0.067),benign,
,,,,,,,,,,,,,,,,,,,,
DNMT3A,2,25457242,SNP,C,T,Missense_Mutation,p.R882H,c.2645G>A,NM_022552,0.090909,7,70,id4533,N,4533,deleterious(0),deleterious,benign(0.067),benign,
,,,,,,,,,,,,,,,,,,,,
DNMT3A,2,25457242,SNP,C,T,Missense_Mutation,p.R882H,c.2645G>A,NM_022552,0.089744,7,71,id5608,N,5608,deleterious(0),deleterious,benign(0.067),benign,
,,,,,,,,,,,,,,,,,,,,
DNMT3A,2,25457242,SNP,C,T,Missense_Mutation,p.R882H,c.2645G>A,NM_022552,0.285714,12,30,id1519,N,1519,deleterious(0),deleterious,benign(0.067),benign,
,,,,,,,,,,,,,,,,,,,,
DNMT3A,2,25457242,SNP,C,T,Missense_Mutation,p.R882H,c.2645G>A,NM_022552,0.155556,7,38,id15436,N,15436,deleterious(0),deleterious,benign(0.067),benign,
,,,,,,,,,,,,,,,,,,,,
DNMT3A,2,25457242,SNP,C,T,Missense_Mutation,p.R882H,c.2645G>A,NM_022552,0.211538,11,41,id5422,N,5422,deleterious(0),deleterious,benign(0.067),benign,
,,,,,,,,,,,,,,,,,,,,
DNMT3A,2,25457242,SNP,C,T,Missense_Mutation,p.R882H,c.2645G>A,NM_022552,0.057143,4,66,id2809,N,2809,deleterious(0),deleterious,benign(0.067),benign,
,,,,,,,,,,,,,,,,,,,,
DNMT3A,2,25457242,SNP,C,T,Missense_Mutation,p.R882H,c.2645G>A,NM_022552,0.242105,23,72,id2743,N,2743,deleterious(0),deleterious,benign(0.067),benign,
,,,,,,,,,,,,,,,,,,,,
DNMT3A,2,25457242,SNP,C,T,Missense_Mutation,p.R882H,c.2645G>A,NM_022552,0.057143,4,66,id2698,N,2698,deleterious(0),deleterious,benign(0.067),benign,
,,,,,,,,,,,,,,,,,,,,
DNMT3A,2,25457242,SNP,C,T,Missense_Mutation,p.R882H,c.2645G>A,NM_022552,0.113924,9,70,id12547,N,12547,deleterious(0),deleterious,benign(0.067),benign,
,,,,,,,,,,,,,,,,,,,,
DNMT3A,2,25457242,SNP,C,T,Missense_Mutation,p.R882H,c.2645G>A,NM_022552,0.1,7,63,id2672,N,2672,deleterious(0),deleterious,benign(0.067),benign,
,,,,,,,,,,,,,,,,,,,,
DNMT3A,2,25457242,SNP,C,G,Missense_Mutation,p.R882P,c.2645G>C,NM_022552,0.136986,10,63,id3327,N,3327,deleterious(0.01),deleterious,benign(0.257),benign,
,,,,,,,,,,,,,,,,,,,,
DNMT3A,2,25457242,SNP,C,G,Missense_Mutation,p.R882P,c.2645G>C,NM_022552,0.087719,5,52,id9681,N,9681,deleterious(0.01),deleterious,benign(0.257),benign,
,,,,,,,,,,,,,,,,,,,,
DNMT3A,2,25457242,SNP,C,G,Missense_Mutation,p.R882P,c.2645G>C,NM_022552,0.183099,13,58,id3247,N,3247,deleterious(0.01),deleterious,benign(0.257),benign,
,,,,,,,,,,,,,,,,,,,,
DNMT3A,2,25457242,SNP,C,G,Missense_Mutation,p.R882P,c.2645G>C,NM_022552,0.190476,12,51,id12236,N,12236,deleterious(0.01),deleterious,benign(0.257),benign,
,,,,,,,,,,,,,,,,,,,,
DNMT3A,2,25457242,SNP,C,G,Missense_Mutation,p.R882P,c.2645G>C,NM_022552,0.107143,6,50,id5188,N,5188,deleterious(0.01),deleterious,benign(0.257),benign,
,,,,,,,,,,,,,,,,,,,,
DNMT3A,2,25457218,SNP,C,T,Missense_Mutation,p.G890D,c.2669G>A,NM_022552,0.0625,3,45,id1006,N,1006,deleterious(0),deleterious,probably_damaging(0.989),probably_damaging,
,,,,,,,,,,,,,,,,,,,,
DNMT3A,2,25457185,SNP,A,T,Missense_Mutation,p.L901H,c.2702T>A,NM_022552,0.083333,6,66,id14602,N,14602,deleterious(0),deleterious,probably_damaging(1),probably_damaging,
,,,,,,,,,,,,,,,,,,,,
DNMT3A,2,25457176,SNP,G,A,Missense_Mutation,p.P904L,c.2711C>T,NM_022552,0.164706,14,71,id3391,N,3391,deleterious(0),deleterious,possibly_damaging(0.731),possibly_damaging,
,,,,,,,,,,,,,,,,,,,,
DNMT3A,2,25457176,SNP,G,A,Missense_Mutation,p.P904L,c.2711C>T,NM_022552,0.057143,4,66,id12744,N,12744,deleterious(0),deleterious,possibly_damaging(0.731),possibly_damaging,
,,,,,,,,,,,,,,,,,,,,
DNMT3A,2,25457176,SNP,G,A,Missense_Mutation,p.P904L,c.2711C>T,NM_022552,0.054054,4,70,id8866,N,8866,deleterious(0),deleterious,possibly_damaging(0.731),possibly_damaging,
,,,,,,,,,,,,,,,,,,,,
DNMT3A,2,25457176,SNP,G,A,Missense_Mutation,p.P904L,c.2711C>T,NM_022552,0.093333,7,68,id14640,N,14640,deleterious(0),deleterious,possibly_damaging(0.731),possibly_damaging,
,,,,,,,,,,,,,,,,,,,,
DNMT3A,2,25457176,SNP,G,A,Missense_Mutation,p.P904L,c.2711C>T,NM_022552,0.068493,5,68,id15401,N,15401,deleterious(0),deleterious,possibly_damaging(0.731),possibly_damaging,
,,,,,,,,,,,,,,,,,,,,
DNMT3A,2,25457176,SNP,G,A,Missense_Mutation,p.P904L,c.2711C>T,NM_022552,0.197368,15,61,id13118,N,13118,deleterious(0),deleterious,possibly_damaging(0.731),possibly_damaging,
,,,,,,,,,,,,,,,,,,,,
DNMT3A,2,25470555,SNP,G,A,Missense_Mutation,p.P307S,c.919C>T,NM_022552,0.074627,5,62,id5900,N,5900,deleterious(0),deleterious,probably_damaging(0.997),probably_damaging,
,,,,,,,,,,,,,,,,,,,,
DNMT3A,2,25470498,SNP,G,T,Missense_Mutation,p.R326S,c.976C>A,NM_022552,0.229885,20,67,id17118,N,17118,deleterious(0),deleterious,probably_damaging(1),probably_damaging,
,,,,,,,,,,,,,,,,,,,,
DNMT3A,2,25470498,SNP,G,A,Missense_Mutation,p.R326C,c.976C>T,NM_022552,0.042105,4,91,id11044,N,11044,deleterious(0),deleterious,probably_damaging(1),probably_damaging,
,,,,,,,,,,,,,,,,,,,,
DNMT3A,2,25470498,SNP,G,A,Missense_Mutation,p.R326C,c.976C>T,NM_022552,0.045455,4,84,id2197,N,2197,deleterious(0),deleterious,probably_damaging(1),probably_damaging,
,,,,,,,,,,,,,,,,,,,,
DNMT3A,2,25470498,SNP,G,A,Missense_Mutation,p.R326C,c.976C>T,NM_022552,0.044944,4,85,id4694,N,4694,deleterious(0),deleterious,probably_damaging(1),probably_damaging,
,,,,,,,,,,,,,,,,,,,,
DNMT3A,2,25470498,SNP,G,A,Missense_Mutation,p.R326C,c.976C>T,NM_022552,0.04902,5,97,id1859,N,1859,deleterious(0),deleterious,probably_damaging(1),probably_damaging,
,,,,,,,,,,,,,,,,,,,,
DNMT3A,2,25470498,SNP,G,A,Missense_Mutation,p.R326C,c.976C>T,NM_022552,0.193548,18,75,id2999,N,2999,deleterious(0),deleterious,probably_damaging(1),probably_damaging,
,,,,,,,,,,,,,,,,,,,,
DNMT3A,2,25470498,SNP,G,A,Missense_Mutation,p.R326C,c.976C>T,NM_022552,0.045455,4,84,id13251,N,13251,deleterious(0),deleterious,probably_damaging(1),probably_damaging,
,,,,,,,,,,,,,,,,,,,,
DNMT3A,2,25470498,SNP,G,A,Missense_Mutation,p.R326C,c.976C>T,NM_022552,0.04878,4,78,id1279,N,1279,deleterious(0),deleterious,probably_damaging(1),probably_damaging,
,,,,,,,,,,,,,,,,,,,,
DNMT3A,2,25470498,SNP,G,A,Missense_Mutation,p.R326C,c.976C>T,NM_022552,0.236842,27,87,id4044,N,4044,deleterious(0),deleterious,probably_damaging(1),probably_damaging,
,,,,,,,,,,,,,,,,,,,,
DNMT3A,2,25470497,SNP,C,T,Missense_Mutation,p.R326H,c.977G>A,NM_022552,0.082569,9,100,id9718,N,9718,deleterious(0),deleterious,probably_damaging(0.969),probably_damaging,
,,,,,,,,,,,,,,,,,,,,
DNMT3A,2,25470497,SNP,C,T,Missense_Mutation,p.R326H,c.977G>A,NM_022552,0.044944,4,85,id12336,N,12336,deleterious(0),deleterious,probably_damaging(0.969),probably_damaging,
,,,,,,,,,,,,,,,,,,,,
DNMT3A,2,25470497,SNP,C,T,Missense_Mutation,p.R326H,c.977G>A,NM_022552,0.059524,5,79,id12997,N,12997,deleterious(0),deleterious,probably_damaging(0.969),probably_damaging,
,,,,,,,,,,,,,,,,,,,,
DNMT3A,2,25470497,SNP,C,T,Missense_Mutation,p.R326H,c.977G>A,NM_022552,0.162602,20,103,id7161,N,7161,deleterious(0),deleterious,probably_damaging(0.969),probably_damaging,
,,,,,,,,,,,,,,,,,,,,
DNMT3A,2,25470497,SNP,C,A,Missense_Mutation,p.R326L,c.977G>T,NM_022552,0.25,21,63,id4839,N,4839,deleterious(0),deleterious,probably_damaging(1),probably_damaging,
,,,,,,,,,,,,,,,,,,,,
DNMT3A,2,25469976,SNP,G,A,Nonsense_Mutation,p.Q356*,c.1066C>T,NM_022552,0.092593,5,49,id9595,N,9595,-,-,-,-,
,,,,,,,,,,,,,,,,,,,,
DNMT3A,2,25469976,SNP,G,A,Nonsense_Mutation,p.Q356*,c.1066C>T,NM_022552,0.087912,8,83,id890,N,890,-,-,-,-,
,,,,,,,,,,,,,,,,,,,,
DNMT3A,2,25469922,SNP,G,A,Nonsense_Mutation,p.Q374*,c.1121A>C,NM_022552,0.133333,6,39,id17176,N,17176,deleterious(0),deleterious,benign(0.019),benign,
,,,,,,,,,,,,,,,,,,,,
DNMT3A,2,25469922,SNP,G,A,Nonsense_Mutation,p.Q374*,c.1121A>C,NM_022552,0.190476,4,17,id11908,N,11908,deleterious(0),deleterious,benign(0.019),benign,
,,,,,,,,,,,,,,,,,,,,
DNMT3A,2,25469564,SNP,G,A,Nonsense_Mutation,p.Q402*,c.1204C>T,NM_022552,0.045752,7,146,id8920,N,8920,-,-,-,-,
,,,,,,,,,,,,,,,,,,,,
DNMT3A,2,25469564,SNP,G,A,Nonsense_Mutation,p.Q402*,c.1204C>T,NM_022552,0.131868,12,79,id3510,N,3510,-,-,-,-,
,,,,,,,,,,,,,,,,,,,,
DNMT3A,2,25469541,SNP,C,T,Nonsense_Mutation,p.W409*,c.1227G>A,NM_022552,0.117647,12,90,id6084,N,6084,-,-,-,-,
,,,,,,,,,,,,,,,,,,,,
DNMT3A,2,25469541,SNP,C,T,Nonsense_Mutation,p.W409*,c.1227G>A,NM_022552,0.043103,5,111,id12467,N,12467,-,-,-,-,
,,,,,,,,,,,,,,,,,,,,
DNMT3A,2,25469541,SNP,C,T,Nonsense_Mutation,p.W409*,c.1227G>A,NM_022552,0.079365,10,116,id1860,N,1860,-,-,-,-,
,,,,,,,,,,,,,,,,,,,,
DNMT3A,2,25469083,SNP,T,A,Nonsense_Mutation,p.K459*,c.1375A>T,NM_022552,0.041096,9,210,id1925,N,1925,-,-,-,-,
,,,,,,,,,,,,,,,,,,,,
DNMT3A,2,25469041,SNP,C,A,Nonsense_Mutation,p.E473*,c.1417G>T,NM_022552,0.089655,13,132,id6770,N,6770,-,-,-,-,
,,,,,,,,,,,,,,,,,,,,
DNMT3A,2,25468919,SNP,C,A,Nonsense_Mutation,p.E482*,c.1444G>T,NM_022552,0.184211,14,62,id12235,N,12235,-,-,-,-,
,,,,,,,,,,,,,,,,,,,,
DNMT3A,2,25468907,SNP,T,A,Nonsense_Mutation,p.K486*,c.1456A>T,NM_022552,0.06,6,94,id15373,N,15373,-,-,-,-,
,,,,,,,,,,,,,,,,,,,,
DNMT3A,2,25468145,SNP,C,A,Nonsense_Mutation,p.G511*,c.1531G>T,NM_022552,0.047619,6,120,id5891,N,5891,-,-,-,-,
,,,,,,,,,,,,,,,,,,,,
DNMT3A,2,25467497,SNP,G,A,Nonsense_Mutation,p.Q527*,c.1580A>C,NM_022552,0.160714,9,47,id15539,N,15539,deleterious(0.04),deleterious,possibly_damaging(0.634),possibly_damaging,
,,,,,,,,,,,,,,,,,,,,
DNMT3A,2,25467492,SNP,G,C,Nonsense_Mutation,p.Y528*,c.1582_1583delTA,NM_022552,0.078947,3,35,id16331,N,16331,-,-,-,-,
,,,,,,,,,,,,,,,,,,,,
DNMT3A,2,25467476,SNP,G,A,Nonsense_Mutation,p.Q534*,c.1600C>T,NM_022552,0.047059,4,81,id1471,N,1471,-,-,-,-,
,,,,,,,,,,,,,,,,,,,,
DNMT3A,2,25467468,SNP,G,T,Nonsense_Mutation,p.Y536*,c.1608C>A,NM_022552,0.126582,10,69,id14901,N,14901,-,-,-,-,
,,,,,,,,,,,,,,,,,,,,
DNMT3A,2,25467465,SNP,G,T,Nonsense_Mutation,p.C537*,c.1611C>A,NM_022552,0.111111,11,88,id1774,N,1774,-,-,-,-,
,,,,,,,,,,,,,,,,,,,,
DNMT3A,2,25467132,SNP,C,T,Nonsense_Mutation,p.W581*,c.1741T>G,NM_022552,0.282051,11,28,id6869,N,6869,deleterious(0),deleterious,probably_damaging(1),probably_damaging,
,,,,,,,,,,,,,,,,,,,,
DNMT3A,2,25467083,SNP,G,A,Nonsense_Mutation,p.R598*,c.1792C>T,NM_022552,0.225806,14,48,id16194,N,16194,-,-,-,-,
,,,,,,,,,,,,,,,,,,,,
DNMT3A,2,25467083,SNP,G,A,Nonsense_Mutation,p.R598*,c.1792C>T,NM_022552,0.083333,3,33,id14858,N,14858,-,-,-,-,
,,,,,,,,,,,,,,,,,,,,
DNMT3A,2,25467083,SNP,G,A,Nonsense_Mutation,p.R598*,c.1792C>T,NM_022552,0.086207,5,53,id2009,N,2009,-,-,-,-,
,,,,,,,,,,,,,,,,,,,,
DNMT3A,2,25467083,SNP,G,A,Nonsense_Mutation,p.R598*,c.1792C>T,NM_022552,0.246154,16,49,id14719,N,14719,-,-,-,-,
,,,,,,,,,,,,,,,,,,,,
DNMT3A,2,25467083,SNP,G,A,Nonsense_Mutation,p.R598*,c.1792C>T,NM_022552,0.06383,3,44,id13566,N,13566,-,-,-,-,
,,,,,,,,,,,,,,,,,,,,
DNMT3A,2,25467083,SNP,G,A,Nonsense_Mutation,p.R598*,c.1792C>T,NM_022552,0.105263,8,68,id2962,N,2962,-,-,-,-,
,,,,,,,,,,,,,,,,,,,,
DNMT3A,2,25467083,SNP,G,A,Nonsense_Mutation,p.R598*,c.1792C>T,NM_022552,0.069767,3,40,id11375,N,11375,-,-,-,-,
,,,,,,,,,,,,,,,,,,,,
DNMT3A,2,25467073,SNP,C,T,Nonsense_Mutation,p.W601*,c.1802G>A,NM_022552,0.117647,8,60,id8648,N,8648,-,-,-,-,
,,,,,,,,,,,,,,,,,,,,
DNMT3A,2,25467032,SNP,G,A,Nonsense_Mutation,p.Q615*,c.1843C>T,NM_022552,0.074627,5,62,id14957,N,14957,-,-,-,-,
,,,,,,,,,,,,,,,,,,,,
DNMT3A,2,25464547,SNP,G,A,Nonsense_Mutation,p.Q656*,c.1966C>T,NM_022552,0.125,4,28,id11568,N,11568,-,-,-,-,
,,,,,,,,,,,,,,,,,,,,
DNMT3A,2,25463596,SNP,G,A,Nonsense_Mutation,p.Q696*,c.2086C>T,NM_022552,0.275,44,116,id9013,N,9013,-,-,-,-,
,,,,,,,,,,,,,,,,,,,,
DNMT3A,2,25463288,SNP,G,C,Nonsense_Mutation,p.Y735*,c.2204_2205insT,NM_022552,0.122807,7,50,id3119,N,3119,-,-,-,-,
,,,,,,,,,,,,,,,,,,,,
DNMT3A,2,25463235,SNP,C,T,Nonsense_Mutation,p.W753*,c.2258G>A,NM_022552,0.282258,35,89,id15952,N,15952,-,-,-,-,
,,,,,,,,,,,,,,,,,,,,
DNMT3A,2,25463197,SNP,T,A,Nonsense_Mutation,p.K766*,c.2296A>T,NM_022552,0.049505,5,96,id8982,N,8982,-,-,-,-,
,,,,,,,,,,,,,,,,,,,,
DNMT3A,2,25463182,SNP,G,A,Nonsense_Mutation,p.R771*,c.2312G>A,NM_022552,0.051095,7,130,id16177,N,16177,deleterious(0.02),deleterious,possibly_damaging(0.859),possibly_damaging,
,,,,,,,,,,,,,,,,,,,,
DNMT3A,2,25463182,SNP,G,A,Nonsense_Mutation,p.R771*,c.2312G>A,NM_022552,0.223022,31,108,id9845,N,9845,deleterious(0.02),deleterious,possibly_damaging(0.859),possibly_damaging,
,,,,,,,,,,,,,,,,,,,,
DNMT3A,2,25463182,SNP,G,A,Nonsense_Mutation,p.R771*,c.2312G>A,NM_022552,0.191589,41,173,id6978,N,6978,deleterious(0.02),deleterious,possibly_damaging(0.859),possibly_damaging,
,,,,,,,,,,,,,,,,,,,,
DNMT3A,2,25463182,SNP,G,A,Nonsense_Mutation,p.R771*,c.2312G>A,NM_022552,0.088235,12,124,id10935,N,10935,deleterious(0.02),deleterious,possibly_damaging(0.859),possibly_damaging,
,,,,,,,,,,,,,,,,,,,,
DNMT3A,2,25463182,SNP,G,A,Nonsense_Mutation,p.R771*,c.2312G>A,NM_022552,0.065728,14,199,id4836,N,4836,deleterious(0.02),deleterious,possibly_damaging(0.859),possibly_damaging,
,,,,,,,,,,,,,,,,,,,,
DNMT3A,2,25463182,SNP,G,A,Nonsense_Mutation,p.R771*,c.2312G>A,NM_022552,0.04375,7,153,id2776,N,2776,deleterious(0.02),deleterious,possibly_damaging(0.859),possibly_damaging,
,,,,,,,,,,,,,,,,,,,,
DNMT3A,2,25463182,SNP,G,A,Nonsense_Mutation,p.R771*,c.2312G>A,NM_022552,0.112069,13,103,id14242,N,14242,deleterious(0.02),deleterious,possibly_damaging(0.859),possibly_damaging,
,,,,,,,,,,,,,,,,,,,,
DNMT3A,2,25463182,SNP,G,A,Nonsense_Mutation,p.R771*,c.2312G>A,NM_022552,0.224599,42,145,id8817,N,8817,deleterious(0.02),deleterious,possibly_damaging(0.859),possibly_damaging,
,,,,,,,,,,,,,,,,,,,,
DNMT3A,2,25462022,SNP,C,T,Nonsense_Mutation,p.W795*,c.2385G>A,NM_022552,0.12069,7,51,id3421,N,3421,-,-,-,-,
,,,,,,,,,,,,,,,,,,,,
DNMT3A,2,25458593,SNP,C,T,Nonsense_Mutation,p.W860*,c.2578T>C,NM_022552,0.169811,9,44,id15965,N,15965,deleterious(0),deleterious,probably_damaging(0.934),probably_damaging,
,,,,,,,,,,,,,,,,,,,,
DNMT3A,2,25471040,SNP,C,A,Nonsense_Mutation,p.E241*,c.722delA,NM_022552,0.082474,8,89,id6851,N,6851,-,-,-,-,
,,,,,,,,,,,,,,,,,,,,
DNMT3A,2,25471016,SNP,G,A,Nonsense_Mutation,p.Q249*,c.745C>T,NM_022552,0.147059,15,87,id12637,N,12637,-,-,-,-,
,,,,,,,,,,,,,,,,,,,,
DNMT3A,2,25471016,SNP,G,A,Nonsense_Mutation,p.Q249*,c.745C>T,NM_022552,0.047619,6,120,id5252,N,5252,-,-,-,-,
,,,,,,,,,,,,,,,,,,,,
DNMT3A,2,25470594,SNP,C,A,Nonsense_Mutation,p.E294*,c.880delG,NM_022552,0.186047,16,70,id1768,N,1768,-,-,-,-,
,,,,,,,,,,,,,,,,,,,,
DNMT3A,2,25470583,SNP,C,T,Nonsense_Mutation,p.W297*,c.889T>G,NM_022552,0.056075,6,101,id12120,N,12120,deleterious(0),deleterious,benign(0.17),benign,
,,,,,,,,,,,,,,,,,,,,
DNMT3A,2,25470559,SNP,C,T,Nonsense_Mutation,p.W305*,c.915G>A,NM_022552,0.057971,4,65,id5942,N,5942,-,-,-,-,
,,,,,,,,,,,,,,,,,,,,
DNMT3A,2,25470559,SNP,C,T,Nonsense_Mutation,p.W305*,c.915G>A,NM_022552,0.045977,4,83,id1145,N,1145,-,-,-,-,
,,,,,,,,,,,,,,,,,,,,
DNMT3A,2,25470560,SNP,C,T,Nonsense_Mutation,p.W305*,c.915G>A,NM_022552,0.326087,15,31,id3438,N,3438,-,-,-,-,
,,,,,,,,,,,,,,,,,,,,
DNMT3A,2,25470556,SNP,C,T,Nonsense_Mutation,p.W306*,c.916T>C,NM_022552,0.060241,5,78,id10739,N,10739,deleterious(0),deleterious,probably_damaging(1),probably_damaging,
,,,,,,,,,,,,,,,,,,,,
DNMT3A,2,25470532,SNP,C,T,Nonsense_Mutation,p.W314*,c.942G>A,NM_022552,0.05,4,76,id14163,N,14163,-,-,-,-,
,,,,,,,,,,,,,,,,,,,,
DNMT3A,2,25470516,SNP,G,A,Nonsense_Mutation,p.R320*,c.958C>T,NM_022552,0.156863,8,43,id2402,N,2402,-,-,-,-,
,,,,,,,,,,,,,,,,,,,,
DNMT3A,2,25470516,SNP,G,A,Nonsense_Mutation,p.R320*,c.958C>T,NM_022552,0.333333,21,42,id14930,N,14930,-,-,-,-,
,,,,,,,,,,,,,,,,,,,,
DNMT3A,2,25470516,SNP,G,A,Nonsense_Mutation,p.R320*,c.958C>T,NM_022552,0.051282,6,111,id15764,N,15764,-,-,-,-,
,,,,,,,,,,,,,,,,,,,,
DNMT3A,2,25470516,SNP,G,A,Nonsense_Mutation,p.R320*,c.958C>T,NM_022552,0.067416,6,83,id11418,N,11418,-,-,-,-,
,,,,,,,,,,,,,,,,,,,,
DNMT3A,2,25470516,SNP,G,A,Nonsense_Mutation,p.R320*,c.958C>T,NM_022552,0.054054,6,105,id13315,N,13315,-,-,-,-,
,,,,,,,,,,,,,,,,,,,,
DNMT3A,2,25470516,SNP,G,A,Nonsense_Mutation,p.R320*,c.958C>T,NM_022552,0.102804,11,96,id1472,N,1472,-,-,-,-,
,,,,,,,,,,,,,,,,,,,,
DNMT3A,2,25470516,SNP,G,A,Nonsense_Mutation,p.R320*,c.958C>T,NM_022552,0.058824,5,80,id15130,N,15130,-,-,-,-,
,,,,,,,,,,,,,,,,,,,,
DNMT3A,2,25470516,SNP,G,A,Nonsense_Mutation,p.R320*,c.958C>T,NM_022552,0.061404,7,107,id7185,N,7185,-,-,-,-,
,,,,,,,,,,,,,,,,,,,,
DNMT3A,2,25470516,SNP,G,A,Nonsense_Mutation,p.R320*,c.958C>T,NM_022552,0.112676,8,63,id12510,N,12510,-,-,-,-,
,,,,,,,,,,,,,,,,,,,,
DNMT3A,2,25470493,SNP,C,T,Nonsense_Mutation,p.W327*,c.981G>A,NM_022552,0.077519,10,119,id5022,N,5022,-,-,-,-,
,,,,,,,,,,,,,,,,,,,,
DNMT3A,2,25470493,SNP,C,T,Nonsense_Mutation,p.W327*,c.981G>A,NM_022552,0.049587,6,115,id928,N,928,-,-,-,-,
,,,,,,,,,,,,,,,,,,,,
DNMT3A,2,25470494,SNP,C,T,Nonsense_Mutation,p.W327*,c.981G>A,NM_022552,0.103448,12,104,id15000,N,15000,-,-,-,-,
,,,,,,,,,,,,,,,,,,,,
DNMT3A,2,25470484,SNP,C,T,Nonsense_Mutation,p.W330*,c.989_991delGGT,NM_022552,0.066038,7,99,id5896,N,5896,-,-,-,-,
,,,,,,,,,,,,,,,,,,,,
DNMT3A,2,25470485,SNP,C,T,Nonsense_Mutation,p.W330*,c.989_991delGGT,NM_022552,0.064516,6,87,id12786,N,12786,-,-,-,-,
,,,,,,,,,,,,,,,,,,,,
DNMT3A,2,25470480,SNP,C,A,Nonsense_Mutation,p.G332*,c.994G>T,NM_022552,0.078652,7,82,id6025,N,6025,-,-,-,-,
,,,,,,,,,,,,,,,,,,,,
EZH2,7,148506461,SNP,C,T,Missense_Mutation,p.R679H,c.2036G>A,NM_001203247,0.047297,7,141,id15352,N,15352,,,,,
,,,,,,,,,,,,,,,,,,,,
FLT3,13,28608281,SNP,A,G,Missense_Mutation,p.V592A,c.1775T>C,NM_004119,0.066667,7,98,id6574,N,6574,,,,,
,,,,,,,,,,,,,,,,,,,,
GNAS,20,57484420,SNP,C,G,Missense_Mutation,p.R844G,c.2530C>G,NM_016592,0.260504,31,88,id12468,N,12468,,,,,
,,,,,,,,,,,,,,,,,,,,
GNAS,20,57484420,SNP,C,T,Missense_Mutation,p.R844C,c.2530C>T,NM_016592,0.128205,10,68,id9846,N,9846,,,,,
,,,,,,,,,,,,,,,,,,,,
GNAS,20,57484420,SNP,C,A,Missense_Mutation,p.R844S,c.2530C>A,NM_016592,0.080645,5,57,id16703,N,16703,,,,,
,,,,,,,,,,,,,,,,,,,,
GNAS,20,57484421,SNP,G,A,Missense_Mutation,p.R844H,c.2531G>A,NM_016592,0.066667,5,70,id6830,N,6830,,,,,
,,,,,,,,,,,,,,,,,,,,
GNAS,20,57484421,SNP,G,A,Missense_Mutation,p.R844H,c.2531G>A,NM_016592,0.121951,5,36,id12269,N,12269,,,,,
,,,,,,,,,,,,,,,,,,,,
GNAS,20,57484421,SNP,G,A,Missense_Mutation,p.R844H,c.2531G>A,NM_016592,0.054348,5,87,id4939,N,4939,,,,,
,,,,,,,,,,,,,,,,,,,,
GNAS,20,57484421,SNP,G,A,Missense_Mutation,p.R844H,c.2531G>A,NM_016592,0.05,4,76,id5860,N,5860,,,,,
,,,,,,,,,,,,,,,,,,,,
GNAS,20,57484421,SNP,G,A,Missense_Mutation,p.R844H,c.2531G>A,NM_016592,0.155556,7,38,id15544,N,15544,,,,,
,,,,,,,,,,,,,,,,,,,,
GNB1,1,1747227,SNP,C,A,Missense_Mutation,p.K57N,c.171G>T,NM_002074,0.098039,5,46,id3168,N,3168,,,,,
,,,,,,,,,,,,,,,,,,,,
GNB1,1,1747227,SNP,C,A,Missense_Mutation,p.K57N,c.171G>T,NM_002074,0.131579,5,33,id13397,N,13397,,,,,
,,,,,,,,,,,,,,,,,,,,
GNB1,1,1747228,SNP,T,A,Missense_Mutation,p.K57M,c.170A>T,NM_002074,0.096154,5,47,id12470,N,12470,,,,,
,,,,,,,,,,,,,,,,,,,,
GNB1,1,1747228,SNP,T,A,Missense_Mutation,p.K57M,c.170A>T,NM_002074,0.083333,5,55,id4360,N,4360,,,,,
,,,,,,,,,,,,,,,,,,,,
GNB1,1,1747228,SNP,T,A,Missense_Mutation,p.K57M,c.170A>T,NM_002074,0.211538,11,41,id8456,N,8456,,,,,
,,,,,,,,,,,,,,,,,,,,
GNB1,1,1747229,SNP,T,C,Missense_Mutation,p.K57E,c.169A>G,NM_002074,0.214286,9,33,id11645,N,11645,,,,,
,,,,,,,,,,,,,,,,,,,,
GNB1,1,1747229,SNP,T,C,Missense_Mutation,p.K57E,c.169A>G,NM_002074,0.121212,4,29,id8807,N,8807,,,,,
,,,,,,,,,,,,,,,,,,,,
GNB1,1,1747229,SNP,T,C,Missense_Mutation,p.K57E,c.169A>G,NM_002074,0.285714,10,25,id11639,N,11639,,,,,
,,,,,,,,,,,,,,,,,,,,
GNB1,1,1747229,SNP,T,C,Missense_Mutation,p.K57E,c.169A>G,NM_002074,0.090909,3,30,id3437,N,3437,,,,,
,,,,,,,,,,,,,,,,,,,,
GNB1,1,1747229,SNP,T,C,Missense_Mutation,p.K57E,c.169A>G,NM_002074,0.16,4,21,id3822,N,3822,,,,,
,,,,,,,,,,,,,,,,,,,,
GNB1,1,1747229,SNP,T,C,Missense_Mutation,p.K57E,c.169A>G,NM_002074,0.088235,3,31,id8979,N,8979,,,,,
,,,,,,,,,,,,,,,,,,,,
GNB1,1,1747229,SNP,T,C,Missense_Mutation,p.K57E,c.169A>G,NM_002074,0.321429,9,19,id5020,N,5020,,,,,
,,,,,,,,,,,,,,,,,,,,
GNB1,1,1747229,SNP,T,C,Missense_Mutation,p.K57E,c.169A>G,NM_002074,0.065217,3,43,id4971,N,4971,,,,,
,,,,,,,,,,,,,,,,,,,,
GNB1,1,1747229,SNP,T,C,Missense_Mutation,p.K57E,c.169A>G,NM_002074,0.384615,15,24,id10936,N,10936,,,,,
,,,,,,,,,,,,,,,,,,,,
GNB1,1,1747229,SNP,T,C,Missense_Mutation,p.K57E,c.169A>G,NM_002074,0.4375,14,18,id8647,N,8647,,,,,
,,,,,,,,,,,,,,,,,,,,
GNB1,1,1747229,SNP,T,C,Missense_Mutation,p.K57E,c.169A>G,NM_002074,0.081633,4,45,id4772,N,4772,,,,,
,,,,,,,,,,,,,,,,,,,,
GNB1,1,1747229,SNP,T,C,Missense_Mutation,p.K57E,c.169A>G,NM_002074,0.068966,4,54,id15602,N,15602,,,,,
,,,,,,,,,,,,,,,,,,,,
GNB1,1,1747229,SNP,T,C,Missense_Mutation,p.K57E,c.169A>G,NM_002074,0.075,3,37,id9339,N,9339,,,,,
,,,,,,,,,,,,,,,,,,,,
GNB1,1,1747229,SNP,T,C,Missense_Mutation,p.K57E,c.169A>G,NM_002074,0.278689,17,44,id6556,N,6556,,,,,
,,,,,,,,,,,,,,,,,,,,
GNB1,1,1747229,SNP,T,C,Missense_Mutation,p.K57E,c.169A>G,NM_002074,0.208333,10,38,id12008,N,12008,,,,,
,,,,,,,,,,,,,,,,,,,,
GNB1,1,1747229,SNP,T,C,Missense_Mutation,p.K57E,c.169A>G,NM_002074,0.130435,6,40,id1659,N,1659,,,,,
,,,,,,,,,,,,,,,,,,,,
GNB1,1,1747229,SNP,T,C,Missense_Mutation,p.K57E,c.169A>G,NM_002074,0.104167,5,43,id4207,N,4207,,,,,
,,,,,,,,,,,,,,,,,,,,
HIST1H1C,6,26056332,SNP,T,A,Nonsense_Mutation,p.K109*,c.326A>G,NM_005319,0.055215,9,154,id4838,N,4838,,,,,
,,,,,,,,,,,,,,,,,,,,
IDH2,15,90631934,SNP,C,T,Missense_Mutation,p.R140Q,c.419G>A,NM_002168,0.094118,8,77,id12629,N,12629,,,,,
,,,,,,,,,,,,,,,,,,,,
IDH2,15,90631934,SNP,C,T,Missense_Mutation,p.R140Q,c.419G>A,NM_002168,0.043011,4,89,id11438,N,11438,,,,,
,,,,,,,,,,,,,,,,,,,,
IDH2,15,90631934,SNP,C,T,Missense_Mutation,p.R140Q,c.419G>A,NM_002168,0.126437,11,76,id562,N,562,,,,,
,,,,,,,,,,,,,,,,,,,,
IKZF1,7,50468196,SNP,C,A,Nonsense_Mutation,p.Y477*,c.1431C>A,NM_006060,0.071429,3,39,id2011,N,2011,,,,,
,,,,,,,,,,,,,,,,,,,,
JAK2,9,5073770,SNP,G,T,Missense_Mutation,p.V617F,c.1849G>T,NM_004972,0.05814,5,81,id16145,N,16145,,,,,
,,,,,,,,,,,,,,,,,,,,
JAK2,9,5073770,SNP,G,T,Missense_Mutation,p.V617F,c.1849G>T,NM_004972,0.217742,27,97,id11641,N,11641,,,,,
,,,,,,,,,,,,,,,,,,,,
JAK2,9,5073770,SNP,G,T,Missense_Mutation,p.V617F,c.1849G>T,NM_004972,0.27193,31,83,id9951,N,9951,,,,,
,,,,,,,,,,,,,,,,,,,,
JAK2,9,5073770,SNP,G,T,Missense_Mutation,p.V617F,c.1849G>T,NM_004972,0.082569,9,100,id9952,N,9952,,,,,
,,,,,,,,,,,,,,,,,,,,
JAK2,9,5073770,SNP,G,T,Missense_Mutation,p.V617F,c.1849G>T,NM_004972,0.058824,8,128,id3449,N,3449,,,,,
,,,,,,,,,,,,,,,,,,,,
JAK2,9,5073770,SNP,G,T,Missense_Mutation,p.V617F,c.1849G>T,NM_004972,0.225806,21,72,id2348,N,2348,,,,,
,,,,,,,,,,,,,,,,,,,,
JAK2,9,5073770,SNP,G,T,Missense_Mutation,p.V617F,c.1849G>T,NM_004972,0.287356,25,62,id15971,N,15971,,,,,
,,,,,,,,,,,,,,,,,,,,
JAK2,9,5073770,SNP,G,T,Missense_Mutation,p.V617F,c.1849G>T,NM_004972,0.109434,29,236,id6999,N,6999,,,,,
,,,,,,,,,,,,,,,,,,,,
JAK2,9,5073770,SNP,G,T,Missense_Mutation,p.V617F,c.1849G>T,NM_004972,0.909091,140,14,id2189,N,2189,,,,,
,,,,,,,,,,,,,,,,,,,,
JAK2,9,5073770,SNP,G,T,Missense_Mutation,p.V617F,c.1849G>T,NM_004972,0.146789,16,93,id5972,N,5972,,,,,
,,,,,,,,,,,,,,,,,,,,
JAK2,9,5073770,SNP,G,T,Missense_Mutation,p.V617F,c.1849G>T,NM_004972,0.091954,8,79,id9592,N,9592,,,,,
,,,,,,,,,,,,,,,,,,,,
JAK2,9,5073770,SNP,G,T,Missense_Mutation,p.V617F,c.1849G>T,NM_004972,0.041237,4,93,id12296,N,12296,,,,,
,,,,,,,,,,,,,,,,,,,,
JAK2,9,5073770,SNP,G,T,Missense_Mutation,p.V617F,c.1849G>T,NM_004972,0.420561,45,62,id13636,N,13636,,,,,
,,,,,,,,,,,,,,,,,,,,
JAK2,9,5073770,SNP,G,T,Missense_Mutation,p.V617F,c.1849G>T,NM_004972,0.040816,4,94,id9457,N,9457,,,,,
,,,,,,,,,,,,,,,,,,,,
JAK2,9,5073770,SNP,G,T,Missense_Mutation,p.V617F,c.1849G>T,NM_004972,0.072289,12,154,id4774,N,4774,,,,,
,,,,,,,,,,,,,,,,,,,,
JAK2,9,5073770,SNP,G,T,Missense_Mutation,p.V617F,c.1849G>T,NM_004972,0.888,111,14,id5826,N,5826,,,,,
,,,,,,,,,,,,,,,,,,,,
JAK2,9,5073770,SNP,G,T,Missense_Mutation,p.V617F,c.1849G>T,NM_004972,0.089888,8,81,id16987,N,16987,,,,,
,,,,,,,,,,,,,,,,,,,,
JAK2,9,5073770,SNP,G,T,Missense_Mutation,p.V617F,c.1849G>T,NM_004972,0.062992,8,119,id15181,N,15181,,,,,
,,,,,,,,,,,,,,,,,,,,
JAK2,9,5073770,SNP,G,T,Missense_Mutation,p.V617F,c.1849G>T,NM_004972,0.252252,28,83,id11973,N,11973,,,,,
,,,,,,,,,,,,,,,,,,,,
JAK2,9,5073770,SNP,G,T,Missense_Mutation,p.V617F,c.1849G>T,NM_004972,0.043956,4,87,id15486,N,15486,,,,,
,,,,,,,,,,,,,,,,,,,,
JAK2,9,5073770,SNP,G,T,Missense_Mutation,p.V617F,c.1849G>T,NM_004972,0.071429,8,104,id16838,N,16838,,,,,
,,,,,,,,,,,,,,,,,,,,
JAK2,9,5073770,SNP,G,T,Missense_Mutation,p.V617F,c.1849G>T,NM_004972,0.097015,13,121,id13371,N,13371,,,,,
,,,,,,,,,,,,,,,,,,,,
JAK2,9,5073770,SNP,G,T,Missense_Mutation,p.V617F,c.1849G>T,NM_004972,0.048544,10,196,id1470,N,1470,,,,,
,,,,,,,,,,,,,,,,,,,,
JAK2,9,5073770,SNP,G,T,Missense_Mutation,p.V617F,c.1849G>T,NM_004972,0.241935,30,94,id12573,N,12573,,,,,
,,,,,,,,,,,,,,,,,,,,
JAK2,9,5073770,SNP,G,T,Missense_Mutation,p.V617F,c.1849G>T,NM_004972,0.073171,9,114,id6354,N,6354,,,,,
,,,,,,,,,,,,,,,,,,,,
JAK2,9,5073770,SNP,G,T,Missense_Mutation,p.V617F,c.1849G>T,NM_004972,0.05618,5,84,id15417,N,15417,,,,,
,,,,,,,,,,,,,,,,,,,,
JAK2,9,5073770,SNP,G,T,Missense_Mutation,p.V617F,c.1849G>T,NM_004972,0.048193,8,158,id1341,N,1341,,,,,
,,,,,,,,,,,,,,,,,,,,
JAK2,9,5073770,SNP,G,T,Missense_Mutation,p.V617F,c.1849G>T,NM_004972,0.438462,57,73,id5286,N,5286,,,,,
,,,,,,,,,,,,,,,,,,,,
JAK2,9,5073770,SNP,G,T,Missense_Mutation,p.V617F,c.1849G>T,NM_004972,0.090909,9,90,id3877,N,3877,,,,,
,,,,,,,,,,,,,,,,,,,,
JAK2,9,5073770,SNP,G,T,Missense_Mutation,p.V617F,c.1849G>T,NM_004972,0.111111,9,72,id12878,N,12878,,,,,
,,,,,,,,,,,,,,,,,,,,
JAK2,9,5073770,SNP,G,T,Missense_Mutation,p.V617F,c.1849G>T,NM_004972,0.051095,7,130,id428,N,428,,,,,
,,,,,,,,,,,,,,,,,,,,
JAK3,19,17949108,SNP,C,T,Missense_Mutation,p.M511I,c.1533G>A,NM_000215,0.225108,52,179,id1146,N,1146,,,,,
,,,,,,,,,,,,,,,,,,,,
KDM6A,X,44879925,SNP,C,T,Nonsense_Mutation,p.R172*,c.514C>T,NM_021140,0.647059,55,30,id12922,N,12922,,,,,
,,,,,,,,,,,,,,,,,,,,
KIT,4,55594197,SNP,C,T,Missense_Mutation,p.R634W,c.1900C>T,NM_000222,0.113636,10,78,id3248,N,3248,,,,,
,,,,,,,,,,,,,,,,,,,,
KLHL6,3,183273150,SNP,T,A,Missense_Mutation,p.R98W,c.292A>T,NM_130446,0.061728,5,76,id14548,N,14548,,,,,
,,,,,,,,,,,,,,,,,,,,
KRAS,12,25378561,SNP,G,A,Missense_Mutation,p.A146V,c.437C>T,NM_033360,0.083333,4,44,id15632,N,15632,,,,,
,,,,,,,,,,,,,,,,,,,,
KRAS,12,25378647,SNP,T,G,Missense_Mutation,p.K117N,c.351A>C,NM_033360,0.2625,21,59,id13666,N,13666,,,,,
,,,,,,,,,,,,,,,,,,,,
KRAS,12,25398285,SNP,C,A,Missense_Mutation,p.G12C,c.34G>T,NM_033360,0.125,3,21,id4833,N,4833,,,,,
,,,,,,,,,,,,,,,,,,,,
LUC7L2,7,139086898,SNP,C,T,Nonsense_Mutation,p.Q91*,c.271C>T,NM_016019,0.119048,5,37,id5952,N,5952,,,,,
,,,,,,,,,,,,,,,,,,,,
LUC7L2,7,139097301,SNP,C,T,Nonsense_Mutation,p.R262*,c.785G>A,NM_016019,0.128788,17,115,id4691,N,4691,,,,,
,,,,,,,,,,,,,,,,,,,,
MLL2,12,49434301,SNP,G,A,Nonsense_Mutation,p.Q2418*,c.7252C>T,NM_003482,0.069767,3,40,id17045,N,17045,,,,,
,,,,,,,,,,,,,,,,,,,,
MPL,1,43815009,SNP,G,T,Missense_Mutation,p.W515L,c.1544G>T,NM_005373,0.632653,62,36,id3439,N,3439,,,,,
,,,,,,,,,,,,,,,,,,,,
MYD88,3,38182641,SNP,T,C,Missense_Mutation,p.L273P,c.818T>C,NM_001172567,0.10989,10,81,id4362,N,4362,,,,,
,,,,,,,,,,,,,,,,,,,,
MYD88,3,38182641,SNP,T,C,Missense_Mutation,p.L273P,c.818T>C,NM_001172567,0.128205,10,68,id12559,N,12559,,,,,
,,,,,,,,,,,,,,,,,,,,
NOTCH1,9,139400000,SNP,C,A,Nonsense_Mutation,p.E1450*,c.4348G>A,NM_017617,0.06383,3,44,id12729,N,12729,,,,,
,,,,,,,,,,,,,,,,,,,,
NOTCH2,1,120467977,SNP,C,A,Nonsense_Mutation,p.E1488*,c.4462G>T,NM_024408,0.044944,12,255,id11553,N,11553,,,,,
,,,,,,,,,,,,,,,,,,,,
NOTCH2,1,120611991,SNP,C,T,Nonsense_Mutation,p.W10*,c.30G>A,NM_024408,0.090909,3,30,id12422,N,12422,,,,,
,,,,,,,,,,,,,,,,,,,,
NRAS,1,115256528,SNP,T,G,Missense_Mutation,p.Q61H,c.183A>C,NM_002524,0.107914,15,124,id15579,N,15579,,,,,
,,,,,,,,,,,,,,,,,,,,
NRAS,1,115256529,SNP,T,C,Missense_Mutation,p.Q61R,c.182A>G,NM_002524,0.045198,8,169,id2857,N,2857,,,,,
,,,,,,,,,,,,,,,,,,,,
NRAS,1,115256530,SNP,G,T,Missense_Mutation,p.Q61K,c.181C>A,NM_002524,0.055276,11,188,id15859,N,15859,,,,,
,,,,,,,,,,,,,,,,,,,,
NRAS,1,115256532,SNP,C,T,Missense_Mutation,p.G60E,c.179G>A,NM_002524,0.049296,7,135,id7257,N,7257,,,,,
,,,,,,,,,,,,,,,,,,,,
NRAS,1,115258744,SNP,C,T,Missense_Mutation,p.G13D,c.38G>A,NM_002524,0.065421,14,200,id16047,N,16047,,,,,
,,,,,,,,,,,,,,,,,,,,
NRAS,1,115258745,SNP,C,G,Missense_Mutation,p.G13R,c.37G>C,NM_002524,0.057971,12,195,id5915,N,5915,,,,,
,,,,,,,,,,,,,,,,,,,,
PHF6,X,133551280,SNP,G,T,Nonsense_Mutation,p.G306*,c.916G>T,NM_001015877,0.161765,11,57,id9810,N,9810,,,,,
,,,,,,,,,,,,,,,,,,,,
PIK3CA,3,178916726,SNP,G,A,Missense_Mutation,p.R38H,c.113G>A,NM_006218,0.39759,33,50,id9419,N,9419,,,,,
,,,,,,,,,,,,,,,,,,,,
PRPF40B,12,50027850,SNP,C,T,Nonsense_Mutation,p.Q241*,c.721C>T,NM_001031698,0.22,11,39,id11569,N,11569,,,,,
,,,,,,,,,,,,,,,,,,,,
PTPN11,12,112888172,SNP,A,G,Missense_Mutation,p.Y63C,c.188A>G,NM_002834,0.040404,4,95,id15878,N,15878,,,,,
,,,,,,,,,,,,,,,,,,,,
PTPN11,12,112888172,SNP,A,G,Missense_Mutation,p.Y63C,c.188A>G,NM_002834,0.382609,44,71,id4772,N,4772,,,,,
,,,,,,,,,,,,,,,,,,,,
PTPN11,12,112888189,SNP,G,C,Missense_Mutation,p.E69Q,c.205G>C,NM_002834,0.20354,23,90,id9785,N,9785,,,,,
,,,,,,,,,,,,,,,,,,,,
RAD21,8,117875449,SNP,C,T,Missense_Mutation,p.R65Q,c.194G>A,NM_006265,0.234483,34,111,id3404,N,3404,,,,,
,,,,,,,,,,,,,,,,,,,,
RAD21,8,117863003,SNP,G,A,Nonsense_Mutation,p.Q492*,c.1474C>T,NM_006265,0.04878,4,78,id1013,N,1013,,,,,
,,,,,,,,,,,,,,,,,,,,
RAD21,8,117875476,SNP,G,C,Nonsense_Mutation,p.S56*,c.167C>G,NM_006265,0.254777,40,117,id12270,N,12270,,,,,
,,,,,,,,,,,,,,,,,,,,
RPS15,19,1440427,SNP,C,G,Missense_Mutation,p.A135G,c.404C>G,NM_001018,0.277778,25,65,id3771,N,3771,,,,,
,,,,,,,,,,,,,,,,,,,,
SETD2,3,47158225,SNP,G,A,Nonsense_Mutation,p.R1492*,c.4474C>T,NM_014159,0.142857,13,78,id7102,N,7102,,,,,
,,,,,,,,,,,,,,,,,,,,
SF3B1,2,198266489,SNP,C,T,Missense_Mutation,p.E783K,c.2347G>A,NM_012433,0.075269,7,86,id4885,N,4885,,,,,
,,,,,,,,,,,,,,,,,,,,
SF3B1,2,198266611,SNP,C,T,Missense_Mutation,p.G742D,c.2225G>A,NM_012433,0.070175,4,53,id8807,N,8807,,,,,
,,,,,,,,,,,,,,,,,,,,
SF3B1,2,198266834,SNP,T,C,Missense_Mutation,p.K700E,c.2098A>G,NM_012433,0.213333,16,59,id16099,N,16099,,,,,
,,,,,,,,,,,,,,,,,,,,
SF3B1,2,198266834,SNP,T,C,Missense_Mutation,p.K700E,c.2098A>G,NM_012433,0.1,7,63,id16100,N,16100,,,,,
,,,,,,,,,,,,,,,,,,,,
SF3B1,2,198266834,SNP,T,C,Missense_Mutation,p.K700E,c.2098A>G,NM_012433,0.230769,12,40,id12421,N,12421,,,,,
,,,,,,,,,,,,,,,,,,,,
SF3B1,2,198266834,SNP,T,C,Missense_Mutation,p.K700E,c.2098A>G,NM_012433,0.058824,4,64,id3358,N,3358,,,,,
,,,,,,,,,,,,,,,,,,,,
SF3B1,2,198266834,SNP,T,C,Missense_Mutation,p.K700E,c.2098A>G,NM_012433,0.140187,15,92,id3345,N,3345,,,,,
,,,,,,,,,,,,,,,,,,,,
SF3B1,2,198266834,SNP,T,C,Missense_Mutation,p.K700E,c.2098A>G,NM_012433,0.070175,4,53,id14902,N,14902,,,,,
,,,,,,,,,,,,,,,,,,,,
SF3B1,2,198266834,SNP,T,C,Missense_Mutation,p.K700E,c.2098A>G,NM_012433,0.133333,10,65,id3195,N,3195,,,,,
,,,,,,,,,,,,,,,,,,,,
SF3B1,2,198266834,SNP,T,C,Missense_Mutation,p.K700E,c.2098A>G,NM_012433,0.075,6,74,id9423,N,9423,,,,,
,,,,,,,,,,,,,,,,,,,,
SF3B1,2,198266834,SNP,T,C,Missense_Mutation,p.K700E,c.2098A>G,NM_012433,0.113208,6,47,id15231,N,15231,,,,,
,,,,,,,,,,,,,,,,,,,,
SF3B1,2,198266834,SNP,T,C,Missense_Mutation,p.K700E,c.2098A>G,NM_012433,0.105263,6,51,id5722,N,5722,,,,,
,,,,,,,,,,,,,,,,,,,,
SF3B1,2,198266834,SNP,T,C,Missense_Mutation,p.K700E,c.2098A>G,NM_012433,0.071429,5,65,id1002,N,1002,,,,,
,,,,,,,,,,,,,,,,,,,,
SF3B1,2,198267359,SNP,C,A,Missense_Mutation,p.K666N,c.1998G>C,NM_012433,0.170543,22,107,id3460,N,3460,,,,,
,,,,,,,,,,,,,,,,,,,,
SF3B1,2,198267359,SNP,C,A,Missense_Mutation,p.K666N,c.1998G>C,NM_012433,0.056818,5,83,id16012,N,16012,,,,,
,,,,,,,,,,,,,,,,,,,,
SF3B1,2,198267359,SNP,C,G,Missense_Mutation,p.K666N,c.1998G>C,NM_012433,0.078947,3,35,id15991,N,15991,,,,,
,,,,,,,,,,,,,,,,,,,,
SF3B1,2,198267359,SNP,C,G,Missense_Mutation,p.K666N,c.1998G>C,NM_012433,0.051282,4,74,id13848,N,13848,,,,,
,,,,,,,,,,,,,,,,,,,,
SF3B1,2,198267359,SNP,C,G,Missense_Mutation,p.K666N,c.1998G>C,NM_012433,0.174603,11,52,id2084,N,2084,,,,,
,,,,,,,,,,,,,,,,,,,,
SF3B1,2,198267359,SNP,C,G,Missense_Mutation,p.K666N,c.1998G>C,NM_012433,0.348485,23,43,id13636,N,13636,,,,,
,,,,,,,,,,,,,,,,,,,,
SF3B1,2,198267359,SNP,C,A,Missense_Mutation,p.K666N,c.1998G>C,NM_012433,0.084507,6,65,id9421,N,9421,,,,,
,,,,,,,,,,,,,,,,,,,,
SF3B1,2,198267359,SNP,C,A,Missense_Mutation,p.K666N,c.1998G>C,NM_012433,0.061728,5,76,id5804,N,5804,,,,,
,,,,,,,,,,,,,,,,,,,,
SF3B1,2,198267359,SNP,C,A,Missense_Mutation,p.K666N,c.1998G>C,NM_012433,0.067669,9,124,id3092,N,3092,,,,,
,,,,,,,,,,,,,,,,,,,,
SF3B1,2,198267360,SNP,T,C,Missense_Mutation,p.K666R,c.1997A>G,NM_012433,0.477612,32,35,id12296,N,12296,,,,,
,,,,,,,,,,,,,,,,,,,,
SF3B1,2,198267361,SNP,T,C,Missense_Mutation,p.K666E,c.1996A>G,NM_012433,0.097826,9,83,id8760,N,8760,,,,,
,,,,,,,,,,,,,,,,,,,,
SF3B1,2,198267361,SNP,T,G,Missense_Mutation,p.K666Q,c.1996A>C,NM_012433,0.321429,27,57,id13638,N,13638,,,,,
,,,,,,,,,,,,,,,,,,,,
SF3B1,2,198267371,SNP,G,T,Missense_Mutation,p.H662Q,c.1986C>A,NM_012433,0.055556,5,85,id13868,N,13868,,,,,
,,,,,,,,,,,,,,,,,,,,
SF3B1,2,198272802,SNP,G,A,Missense_Mutation,p.R387W,c.1159C>T,NM_012433,0.173469,17,81,id2250,N,2250,,,,,
,,,,,,,,,,,,,,,,,,,,
SFRS2,17,74732959,SNP,G,A,Missense_Mutation,p.P95L,c.284C>T,NM_003016,0.27907,12,31,id16191,N,16191,,,,,
,,,,,,,,,,,,,,,,,,,,
SFRS2,17,74732959,SNP,G,C,Missense_Mutation,p.P95R,c.284C>G,NM_003016,0.084746,5,54,id16184,N,16184,,,,,
,,,,,,,,,,,,,,,,,,,,
SFRS2,17,74732959,SNP,G,T,Missense_Mutation,p.P95H,c.284C>A,NM_003016,0.084746,5,54,id3410,N,3410,,,,,
,,,,,,,,,,,,,,,,,,,,
SFRS2,17,74732959,SNP,G,C,Missense_Mutation,p.P95R,c.284C>G,NM_003016,0.228571,8,27,id3332,N,3332,,,,,
,,,,,,,,,,,,,,,,,,,,
SFRS2,17,74732959,SNP,G,T,Missense_Mutation,p.P95H,c.284C>A,NM_003016,0.083333,6,66,id3299,N,3299,,,,,
,,,,,,,,,,,,,,,,,,,,
SFRS2,17,74732959,SNP,G,A,Missense_Mutation,p.P95L,c.284C>T,NM_003016,0.12766,6,41,id13556,N,13556,,,,,
,,,,,,,,,,,,,,,,,,,,
SFRS2,17,74732959,SNP,G,C,Missense_Mutation,p.P95R,c.284C>G,NM_003016,0.196078,10,41,id3026,N,3026,,,,,
,,,,,,,,,,,,,,,,,,,,
SFRS2,17,74732959,SNP,G,T,Missense_Mutation,p.P95H,c.284C>A,NM_003016,0.289474,11,27,id15181,N,15181,,,,,
,,,,,,,,,,,,,,,,,,,,
SFRS2,17,74732959,SNP,G,T,Missense_Mutation,p.P95H,c.284C>A,NM_003016,0.122807,7,50,id3927,N,3927,,,,,
,,,,,,,,,,,,,,,,,,,,
SFRS2,17,74732960,SNP,G,T,Missense_Mutation,p.P95T,c.283C>A,NM_003016,0.087719,5,52,id16192,N,16192,,,,,
,,,,,,,,,,,,,,,,,,,,
SFRS2,17,74733113,SNP,A,G,Missense_Mutation,p.Y44H,c.130T>C,NM_003016,0.166667,4,20,id15776,N,15776,,,,,
,,,,,,,,,,,,,,,,,,,,
SMC1A,X,53409443,SNP,C,T,Missense_Mutation,p.R1090H,c.3269G>A,NM_006306,0.1,3,27,id8615,N,8615,,,,,
,,,,,,,,,,,,,,,,,,,,
SMC3,10,112343707,SNP,C,T,Nonsense_Mutation,p.R360*,c.1078C>T,NM_005445,0.111111,5,40,id6729,N,6729,,,,,
,,,,,,,,,,,,,,,,,,,,
STAG1,3,136078015,SNP,G,A,Nonsense_Mutation,p.R971*,c.2911C>T,NM_005862,0.476744,41,45,id16988,N,16988,,,,,
,,,,,,,,,,,,,,,,,,,,
STAG2,X,123200061,SNP,T,A,Nonsense_Mutation,p.C711*,c.2133T>A,NM_006603,0.082353,7,78,id3061,N,3061,,,,,
,,,,,,,,,,,,,,,,,,,,
STAT3,17,40474420,SNP,C,A,Missense_Mutation,p.D661Y,c.1981G>T,NM_139276,0.075,15,185,id6064,N,6064,,,,,
,,,,,,,,,,,,,,,,,,,,
STAT3,17,40474420,SNP,C,A,Missense_Mutation,p.D661Y,c.1981G>T,NM_139276,0.035897,7,188,id13856,N,13856,,,,,
,,,,,,,,,,,,,,,,,,,,
STAT3,17,40474420,SNP,C,A,Missense_Mutation,p.D661Y,c.1981G>T,NM_139276,0.0301,9,290,id11824,N,11824,,,,,
,,,,,,,,,,,,,,,,,,,,
STAT3,17,40475058,SNP,C,G,Missense_Mutation,p.G618R,c.1852G>C,NM_139276,0.116279,10,76,id15379,N,15379,,,,,
,,,,,,,,,,,,,,,,,,,,
TBL1XR1,3,176750884,SNP,G,A,Nonsense_Mutation,p.R431*,c.1291C>T,NM_024665,0.054945,5,86,id9755,N,9755,,,,,
,,,,,,,,,,,,,,,,,,,,
TET1,10,70442645,SNP,G,A,Missense_Mutation,p.R1656H,c.4967G>A,NM_030625,0.040404,4,95,id15581,N,15581,,,,,
,,,,,,,,,,,,,,,,,,,,
TET2,4,106158503,SNP,G,A,Missense_Mutation,p.C1135Y,#N/A,NM_001127208,0.278689,17,44,id9984,N,9984,,,,,
,,,,,,,,,,,,,,,,,,,,
TET2,4,106156120,SNP,C,T,Nonsense_Mutation,p.Q341*,c.1021C>T,NM_001127208,0.297297,11,26,id3816,N,3816,,,,,
,,,,,,,,,,,,,,,,,,,,
TET2,4,106156246,SNP,C,T,Nonsense_Mutation,p.Q383*,c.1147C>T,NM_001127208,0.06383,6,88,id13812,N,13812,,,,,
,,,,,,,,,,,,,,,,,,,,
TET2,4,106156304,SNP,C,G,Nonsense_Mutation,p.S423*,c.1268C>G,NM_001127208,0.242718,25,78,id12421,N,12421,,,,,
,,,,,,,,,,,,,,,,,,,,
TET2,4,106156540,SNP,C,T,Nonsense_Mutation,p.Q481*,c.1441C>T,NM_001127208,0.105263,6,51,id8613,N,8613,,,,,
,,,,,,,,,,,,,,,,,,,,
TET2,4,106156625,SNP,C,G,Nonsense_Mutation,p.S530*,c.1589C>G,NM_001127208,0.234043,22,72,id9844,N,9844,,,,,
,,,,,,,,,,,,,,,,,,,,
TET2,4,106156687,SNP,C,T,Nonsense_Mutation,p.Q530*,c.1588C>T,NM_001127208,0.090909,3,30,id13286,N,13286,,,,,
,,,,,,,,,,,,,,,,,,,,
TET2,4,106156694,SNP,T,A,Nonsense_Mutation,p.L532*,c.1594delT,NM_001127208,0.137931,4,25,id13788,N,13788,,,,,
,,,,,,,,,,,,,,,,,,,,
TET2,4,106156729,SNP,C,T,Nonsense_Mutation,p.R544*,c.1630C>T,NM_001127208,0.089744,7,71,id9033,N,9033,,,,,
,,,,,,,,,,,,,,,,,,,,
TET2,4,106156790,SNP,G,A,Nonsense_Mutation,p.W585*,c.1754G>A,NM_001127208,0.066667,7,98,id10707,N,10707,,,,,
,,,,,,,,,,,,,,,,,,,,
TET2,4,106156862,SNP,C,G,Nonsense_Mutation,p.S588*,c.1763C>G,NM_001127208,0.085714,9,96,id17116,N,17116,,,,,
,,,,,,,,,,,,,,,,,,,,
TET2,4,106156862,SNP,C,G,Nonsense_Mutation,p.S588*,c.1763C>G,NM_001127208,0.070423,5,66,id13618,N,13618,,,,,
,,,,,,,,,,,,,,,,,,,,
TET2,4,106157212,SNP,C,T,Nonsense_Mutation,p.Q705*,c.2113C>T,NM_001127208,0.181818,14,63,id3142,N,3142,,,,,
,,,,,,,,,,,,,,,,,,,,
TET2,4,106157299,SNP,C,T,Nonsense_Mutation,p.Q734*,c.2201A>G,NM_001127208,0.181818,14,63,id12570,N,12570,,,,,
,,,,,,,,,,,,,,,,,,,,
TET2,4,106157306,SNP,C,A,Nonsense_Mutation,p.S757*,c.2270C>A,NM_001127208,0.148936,14,80,id10777,N,10777,,,,,
,,,,,,,,,,,,,,,,,,,,
TET2,4,106157371,SNP,C,T,Nonsense_Mutation,p.Q779*,c.2335C>G,NM_001127208,0.068493,5,68,id11567,N,11567,,,,,
,,,,,,,,,,,,,,,,,,,,
TET2,4,106157407,SNP,C,T,Nonsense_Mutation,p.Q770*,c.2308C>T,NM_001127208,0.087912,8,83,id16702,N,16702,,,,,
,,,,,,,,,,,,,,,,,,,,
TET2,4,106157695,SNP,C,T,Nonsense_Mutation,p.Q866*,c.2596C>T,NM_001127208,0.207547,11,42,id16170,N,16170,,,,,
,,,,,,,,,,,,,,,,,,,,
TET2,4,106157824,SNP,C,T,Nonsense_Mutation,p.Q909*,c.2725C>T,NM_001127208,0.113208,6,47,id15069,N,15069,,,,,
,,,,,,,,,,,,,,,,,,,,
TET2,4,106157827,SNP,C,T,Nonsense_Mutation,p.Q910*,c.2728C>T,NM_001127208,0.142857,7,42,id3120,N,3120,,,,,
,,,,,,,,,,,,,,,,,,,,
TET2,4,106157845,SNP,C,T,Nonsense_Mutation,p.Q937*,c.2809C>T,NM_001127208,0.068182,3,41,id9874,N,9874,,,,,
,,,,,,,,,,,,,,,,,,,,
TET2,4,106157845,SNP,C,T,Nonsense_Mutation,p.Q916*,c.2746C>T,NM_001127208,0.104478,7,60,id14980,N,14980,,,,,
,,,,,,,,,,,,,,,,,,,,
TET2,4,106158160,SNP,C,T,Nonsense_Mutation,p.Q1042*,c.3124C>T,NM_001127208,0.048951,7,136,id6161,N,6161,,,,,
,,,,,,,,,,,,,,,,,,,,
TET2,4,106158187,SNP,C,T,Nonsense_Mutation,p.Q1030*,c.3088C>T,NM_001127208,0.396825,25,38,id2189,N,2189,,,,,
,,,,,,,,,,,,,,,,,,,,
TNFAIP3,6,138196014,SNP,C,T,Nonsense_Mutation,p.Q110*,c.328C>T,NM_006290,0.0625,4,60,id5021,N,5021,,,,,
,,,,,,,,,,,,,,,,,,,,
TNFAIP3,6,138196885,SNP,C,T,Nonsense_Mutation,p.R183*,c.548G>A,NM_006290,0.09375,9,87,id16445,N,16445,,,,,
,,,,,,,,,,,,,,,,,,,,
TNFAIP3,6,138198296,SNP,G,T,Nonsense_Mutation,p.E297*,c.889G>T,NM_006290,0.177419,11,51,id15210,N,15210,,,,,
,,,,,,,,,,,,,,,,,,,,
TP53,17,7577090,SNP,C,T,Missense_Mutation,p.R283H,c.848G>A,NM_001126112,0.421053,24,33,id9876,N,9876,,,,,
,,,,,,,,,,,,,,,,,,,,
TP53,17,7577090,SNP,C,T,Missense_Mutation,p.R283H,c.848G>A,NM_001126112,0.076923,4,48,id9684,N,9684,,,,,
,,,,,,,,,,,,,,,,,,,,
TP53,17,7577094,SNP,G,A,Missense_Mutation,p.R282W,c.844C>T,NM_001126112,0.071429,3,39,id16017,N,16017,,,,,
,,,,,,,,,,,,,,,,,,,,
TP53,17,7577097,SNP,C,T,Missense_Mutation,p.D281N,c.841G>A,NM_001126112,0.327586,19,39,id2305,N,2305,,,,,
,,,,,,,,,,,,,,,,,,,,
TP53,17,7577100,SNP,T,C,Missense_Mutation,p.R280G,c.838A>G,NM_001126112,0.087719,5,52,id16933,N,16933,,,,,
,,,,,,,,,,,,,,,,,,,,
TP53,17,7577538,SNP,C,T,Missense_Mutation,p.R248Q,c.743G>A,NM_001126112,0.537736,57,49,id4884,N,4884,,,,,
,,,,,,,,,,,,,,,,,,,,
TP53,17,7577538,SNP,C,T,Missense_Mutation,p.R248Q,c.743G>A,NM_001126112,0.164706,14,71,id4005,N,4005,,,,,
,,,,,,,,,,,,,,,,,,,,
TP53,17,7577548,SNP,C,A,Missense_Mutation,p.G245C,c.733G>T,NM_001126112,0.056338,8,134,id6889,N,6889,,,,,
,,,,,,,,,,,,,,,,,,,,
TP53,17,7577559,SNP,G,C,Missense_Mutation,p.S241C,c.722C>G,NM_001126112,0.1875,9,39,id17155,N,17155,,,,,
,,,,,,,,,,,,,,,,,,,,
TP53,17,7577578,SNP,T,C,Missense_Mutation,p.N235D,c.703A>G,NM_001126112,0.081633,4,45,id14981,N,14981,,,,,
,,,,,,,,,,,,,,,,,,,,
TP53,17,7578190,SNP,T,C,Missense_Mutation,p.Y220C,c.659A>G,NM_001126112,0.085106,4,43,id5608,N,5608,,,,,
,,,,,,,,,,,,,,,,,,,,
TP53,17,7578191,SNP,A,G,Missense_Mutation,p.Y220H,c.658T>C,NM_001126112,0.139535,6,37,id3142,N,3142,,,,,
,,,,,,,,,,,,,,,,,,,,
TP53,17,7578271,SNP,T,C,Missense_Mutation,p.H193R,c.578A>G,NM_001126112,0.0625,3,45,id6883,N,6883,,,,,
,,,,,,,,,,,,,,,,,,,,
TP53,17,7578389,SNP,G,A,Missense_Mutation,p.R181C,c.541C>T,NM_001126112,0.080645,5,57,id14694,N,14694,,,,,
,,,,,,,,,,,,,,,,,,,,
TP53,17,7578400,SNP,G,C,Missense_Mutation,p.P177R,c.530C>G,NM_001126112,0.193548,12,50,id5804,N,5804,,,,,
,,,,,,,,,,,,,,,,,,,,
TP53,17,7578406,SNP,C,T,Missense_Mutation,p.R175H,c.524G>A,NM_001126112,0.047619,4,80,id9682,N,9682,,,,,
,,,,,,,,,,,,,,,,,,,,
TP53,17,7578406,SNP,C,T,Missense_Mutation,p.R175H,c.524G>A,NM_001126112,0.186047,8,35,id15836,N,15836,,,,,
,,,,,,,,,,,,,,,,,,,,
TP53,17,7578406,SNP,C,T,Missense_Mutation,p.R175H,c.524G>A,NM_001126112,0.048544,5,98,id9552,N,9552,,,,,
,,,,,,,,,,,,,,,,,,,,
TP53,17,7578412,SNP,A,T,Missense_Mutation,p.V173E,c.518T>A,NM_001126112,0.089888,8,81,id10986,N,10986,,,,,
,,,,,,,,,,,,,,,,,,,,
TP53,17,7578457,SNP,C,T,Missense_Mutation,p.R158H,c.473G>A,NM_001126112,0.082474,8,89,id4972,N,4972,,,,,
,,,,,,,,,,,,,,,,,,,,
TP53,17,7578463,SNP,C,T,Missense_Mutation,p.R156H,c.467G>A,NM_001126112,0.041237,4,93,id13772,N,13772,,,,,
,,,,,,,,,,,,,,,,,,,,
TP53,17,7578475,SNP,G,A,Missense_Mutation,p.P152L,c.455C>T,NM_001126112,0.127273,7,48,id17168,N,17168,,,,,
,,,,,,,,,,,,,,,,,,,,
TP53,17,7578536,SNP,T,C,Missense_Mutation,p.K132E,c.394A>G,NM_001126112,0.065217,3,43,id15972,N,15972,,,,,
,,,,,,,,,,,,,,,,,,,,
TP53,17,7578536,SNP,T,C,Missense_Mutation,p.K132E,c.394A>G,NM_001126112,0.219512,9,32,id15950,N,15950,,,,,
,,,,,,,,,,,,,,,,,,,,
TP53,17,7579358,SNP,C,A,Missense_Mutation,p.R110L,c.329G>T,NM_001126112,0.104762,11,94,id14122,N,14122,,,,,
,,,,,,,,,,,,,,,,,,,,
TP53,17,7579359,SNP,G,A,Missense_Mutation,p.R110C,c.328C>T,NM_001126112,0.207547,11,42,id16019,N,16019,,,,,
,,,,,,,,,,,,,,,,,,,,
TP53,17,7579359,SNP,G,A,Missense_Mutation,p.R110C,c.328C>T,NM_001126112,0.439394,29,37,id16285,N,16285,,,,,
,,,,,,,,,,,,,,,,,,,,
TP53,17,7574003,SNP,G,A,Nonsense_Mutation,p.R342*,c.1024C>T,NM_001126112,0.067797,4,55,id3959,N,3959,,,,,
,,,,,,,,,,,,,,,,,,,,
TP53,17,7578492,SNP,C,T,Nonsense_Mutation,p.W146*,c.438G>A,NM_001126112,0.092308,6,59,id13823,N,13823,,,,,
,,,,,,,,,,,,,,,,,,,,
TP53,17,7578493,SNP,C,T,Nonsense_Mutation,p.W146*,c.438G>A,NM_001126112,0.146341,6,35,id16840,N,16840,,,,,
,,,,,,,,,,,,,,,,,,,,
U2AF1,21,44514780,SNP,C,T,Missense_Mutation,p.R156H,c.467G>A,NM_006758,0.329897,32,65,id2344,N,2344,,,,,
,,,,,,,,,,,,,,,,,,,,
U2AF1,21,44514780,SNP,C,T,Missense_Mutation,p.R156H,c.467G>A,NM_006758,0.475,38,42,id6999,N,6999,,,,,
,,,,,,,,,,,,,,,,,,,,
U2AF1,21,44524456,SNP,G,A,Missense_Mutation,p.S34F,c.101C>T,NM_006758,0.12963,7,47,id11641,N,11641,,,,,
,,,,,,,,,,,,,,,,,,,,
U2AF1,21,44524456,SNP,G,A,Missense_Mutation,p.S34F,c.101C>T,NM_006758,0.190476,4,17,id4102,N,4102,,,,,
,,,,,,,,,,,,,,,,,,,,
U2AF1,21,44527564,SNP,T,C,Missense_Mutation,p.D14G,c.41A>G,NM_006758,0.068966,6,81,id15962,N,15962,,,,,
,,,,,,,,,,,,,,,,,,,,
ZRSR2,X,15822298,SNP,G,C,Missense_Mutation,p.R126P,c.377G>C,NM_005089,0.75,15,5,id8081,N,8081,,,,,
,,,,,,,,,,,,,,,,,,,,
ZRSR2,X,15838385,SNP,C,T,Nonsense_Mutation,p.R295*,c.883C>T,NM_005089,0.443038,35,44,id13539,N,13539,,,,,
